Id,Username,FirstName,LastName,Email,Address,City,Age
1,aheinecke0,Arther,Heinecke,aheinecke0@eventbrite.com,0 Hoard Court,Septfontaines,49
2,rmchaffy1,Rasla,McHaffy,rmchaffy1@microsoft.com,0 Kinsman Way,Zhangjiayuan,57
3,jcicculi2,Jerrold,Cicculi,jcicculi2@addtoany.com,522 Vidon Way,Ceres,27
4,fmelhuish3,Friedrich,Melhuish,fmelhuish3@opera.com,78 Summerview Drive,Cali,43
5,dimpson4,Dorine,Impson,dimpson4@dropbox.com,2335 Tomscot Crossing,Numan,83
6,ebartozzi5,Emmie,Bartozzi,ebartozzi5@dmoz.org,20 Daystar Terrace,Beringinjaya,53
7,mrosa6,Meaghan,Rosa,mrosa6@skype.com,6 Washington Park,San Pascual,68
8,lbrelsford7,Lena,Brelsford,lbrelsford7@edublogs.org,4677 Charing Cross Circle,Phatthaya,44
9,fhymans8,Fergus,Hymans,fhymans8@jiathis.com,80206 Pearson Park,Shangyu,52
10,jstiddard9,Juieta,Stiddard,jstiddard9@wikimedia.org,94772 Melvin Crossing,Sa'dah,43
11,cwoollarda,Carroll,Woollard,cwoollarda@google.cn,35756 Ruskin Lane,Krivyanskaya,49
12,kmccrannb,Karlik,McCrann,kmccrannb@wikimedia.org,00 Saint Paul Trail,Hepang,47
13,arapierc,Adham,Rapier,arapierc@ucla.edu,371 Lindbergh Lane,Freguesia do Ribeirao da Ilha,65
14,pmerond,Pace,Meron,pmerond@opera.com,4 Stone Corner Parkway,Gafanha da Encarnação,42
15,mchalklye,Margalit,Chalkly,mchalklye@nsw.gov.au,62030 Eagle Crest Street,Fenjie,24
16,lfredef,Lissi,Frede,lfredef@cloudflare.com,4 Pine View Drive,Al Khārijah,70
17,jlabordeg,Job,Laborde,jlabordeg@vimeo.com,04366 Laurel Alley,Dian-ay,84
18,ppurryh,Perkin,Purry,ppurryh@whitehouse.gov,752 Birchwood Street,Sơn Trà,64
19,kquiddingtoni,Katuscha,Quiddington,kquiddingtoni@adobe.com,3980 Shelley Center,Mons,30
20,sbardillj,Sullivan,Bardill,sbardillj@gov.uk,19 Kings Junction,Malati,31
21,eghidellik,Emelita,Ghidelli,eghidellik@devhub.com,0 Gulseth Avenue,Ed,37
22,dvalentellil,Doloritas,Valentelli,dvalentellil@exblog.jp,3 Scoville Road,Kalianda,23
23,ocopcottm,Orsa,Copcott,ocopcottm@wufoo.com,64 Dexter Lane,Dzaoudzi,89
24,nwileyn,Ninnetta,Wiley,nwileyn@huffingtonpost.com,8 Saint Paul Trail,Sidomekar,37
25,asokaleo,Athena,Sokale,asokaleo@springer.com,5801 High Crossing Way,Braunschweig,63
26,cduxbarryp,Consuelo,Duxbarry,cduxbarryp@dell.com,162 Calypso Avenue,Studénka,55
27,bgorchq,Bobbette,Gorch,bgorchq@blogs.com,66666 Redwing Street,Lourdes,56
28,hdakhnor,Hortense,Dakhno,hdakhnor@timesonline.co.uk,8299 North Lane,Bąków,85
29,pprebles,Pepi,Preble,pprebles@tripod.com,36569 Tony Circle,Poroçan,81
30,fcoppent,Farrel,Coppen,fcoppent@techcrunch.com,9 Goodland Center,Ban Phue,36
31,kmclugishu,Kirsten,McLugish,kmclugishu@mac.com,027 Sachs Alley,Medvedovskaya,70
32,sstokoev,Skip,Stokoe,sstokoev@sogou.com,4593 Vera Lane,Hezhi,79
33,bcoulbeckw,Boy,Coulbeck,bcoulbeckw@list-manage.com,4251 Colorado Terrace,Nador,28
34,bwiginx,Burty,Wigin,bwiginx@squarespace.com,76920 Heath Street,Maae,46
35,fjarmainy,Florentia,Jarmain,fjarmainy@addthis.com,957 Nelson Street,Tsiombe,76
36,hpurryz,Hilarius,Purry,hpurryz@storify.com,2 Spenser Hill,Kentville,71
37,rpallasch10,Reagan,Pallasch,rpallasch10@businessweek.com,68 Anhalt Plaza,Sviadnov,69
38,rantonias11,Roxanne,Antonias,rantonias11@sciencedirect.com,4363 Center Park,Hancheng,48
39,brotherforth12,Baxie,Rotherforth,brotherforth12@mtv.com,9 Eliot Crossing,Gus’-Zheleznyy,66
40,slongwood13,Stesha,Longwood,slongwood13@scientificamerican.com,63 Schmedeman Way,Rouen,31
41,akaufman14,Andromache,Kaufman,akaufman14@creativecommons.org,3 Transport Trail,Strawberry Hills,20
42,eswalough15,Eda,Swalough,eswalough15@mtv.com,4036 Grayhawk Crossing,Fantino,85
43,anecrews16,Alvis,Necrews,anecrews16@4shared.com,43 Mallard Center,Tayang,37
44,mpoller17,Marya,Poller,mpoller17@ocn.ne.jp,162 Nova Center,Lyon,57
45,mprobbing18,Maria,Probbing,mprobbing18@parallels.com,4853 Del Mar Hill,Quận Năm,37
46,smatokhnin19,Serena,Matokhnin,smatokhnin19@deliciousdays.com,52483 David Road,Corujeira,78
47,aquincey1a,Andrus,Quincey,aquincey1a@sciencedirect.com,0493 Oriole Drive,San Antonio,38
48,clarne1b,Cody,Larne,clarne1b@japanpost.jp,580 Anzinger Plaza,Zhongxiang,74
49,cwills1c,Cob,Wills,cwills1c@lulu.com,9802 High Crossing Street,Itabira,65
50,jpudsall1d,Jennette,Pudsall,jpudsall1d@de.vu,037 Tomscot Hill,Bagangan,55
51,aklimko1e,Alfonse,Klimko,aklimko1e@si.edu,2 Springs Alley,Koina,25
52,vgrabham1f,Vincents,Grabham,vgrabham1f@purevolume.com,576 Blue Bill Park Circle,Berck,27
53,ebracknall1g,Elmer,Bracknall,ebracknall1g@icio.us,86 Cambridge Way,Pedro García,62
54,meaglestone1h,Mort,Eaglestone,meaglestone1h@infoseek.co.jp,33 Spaight Way,Washington,63
55,aswayton1i,Allissa,Swayton,aswayton1i@shareasale.com,34995 Del Sol Drive,Jales,71
56,gplayhill1j,Gallagher,Playhill,gplayhill1j@instagram.com,6 Green Plaza,Goght’,74
57,telcoate1k,Theodosia,Elcoate,telcoate1k@hc360.com,445 Straubel Plaza,Heka,35
58,lshea1l,Leodora,Shea,lshea1l@blinklist.com,262 Helena Way,Gelan,37
59,ywesker1m,Yuri,Wesker,ywesker1m@usgs.gov,07927 Hoffman Terrace,Tapakrejo,72
60,vyerborn1n,Vale,Yerborn,vyerborn1n@unicef.org,86436 Holy Cross Court,Vila do Bispo,40
61,bbazley1o,Bill,Bazley,bbazley1o@naver.com,28 Lawn Alley,Songdong,67
62,rnaulty1p,Rosetta,Naulty,rnaulty1p@twitpic.com,383 Westridge Place,Gabahan,63
63,mleander1q,Milli,Leander,mleander1q@networkadvertising.org,57 Brown Road,Patique,72
64,tpohling1r,Talia,Pohling,tpohling1r@oaic.gov.au,642 Browning Center,Skënderbegas,88
65,kspray1s,Kristofer,Spray,kspray1s@nydailynews.com,345 Farwell Hill,Alikalia,60
66,gmadrell1t,Gaston,Madrell,gmadrell1t@4shared.com,05 Annamark Road,Lazaro Cardenas,87
67,bdreger1u,Blakelee,Dreger,bdreger1u@jimdo.com,751 Meadow Valley Lane,Firovo,85
68,nlevey1v,Noah,Levey,nlevey1v@cam.ac.uk,45 Jenna Crossing,Dalarik,64
69,egouldthorpe1w,Erin,Gouldthorpe,egouldthorpe1w@va.gov,557 Graedel Terrace,Bezons,66
70,bharlin1x,Bessie,Harlin,bharlin1x@xing.com,70163 Everett Crossing,Bundibugyo,67
71,eseeking1y,Emilee,Seeking,eseeking1y@hostgator.com,7679 Annamark Pass,Banikoara,62
72,eeden1z,Erv,Eden,eeden1z@networksolutions.com,712 Scott Alley,Alfena,77
73,kmilligan20,Kamillah,Milligan,kmilligan20@dell.com,3 Amoth Plaza,Garibaldi,72
74,okarchewski21,Octavius,Karchewski,okarchewski21@slideshare.net,5 Northwestern Pass,Shangyang,56
75,jhelling22,Jolee,Helling,jhelling22@prweb.com,88 Morning Junction,Ávato,77
76,hosbourn23,Haydon,Osbourn,hosbourn23@bluehost.com,36931 Hermina Road,Adamstown,52
77,espurdens24,Ed,Spurdens,espurdens24@bloglines.com,30219 Dwight Pass,Fengshan,77
78,dmacnish25,Dulci,MacNish,dmacnish25@forbes.com,94 Clove Drive,Peruc,62
79,sshropshire26,Sharron,Shropshire,sshropshire26@toplist.cz,09664 Harbort Park,Sabang,44
80,dbradley27,Dell,Bradley,dbradley27@apache.org,78 Manley Lane,Jiagao,56
81,hsanderson28,Hammad,Sanderson,hsanderson28@hibu.com,0869 Manufacturers Avenue,Gangshangji,60
82,pminty29,Paulie,Minty,pminty29@sfgate.com,96105 Farwell Center,H̱olon,64
83,cnisby2a,Creighton,Nisby,cnisby2a@bloomberg.com,58 Tennyson Place,Kuala Lumpur,41
84,wtroillet2b,Wileen,Troillet,wtroillet2b@yolasite.com,13854 Mitchell Drive,Stupsk,53
85,hdury2c,Hesther,Dury,hdury2c@reuters.com,391 Pine View Court,Boise,24
86,sdarbon2d,Susie,Darbon,sdarbon2d@state.gov,4 Monument Street,Xinhua,41
87,pstreeter2e,Prince,Streeter,pstreeter2e@deviantart.com,44 Doe Crossing Lane,Napu,37
88,ncalder2f,Nester,Calder,ncalder2f@cdc.gov,6 Westridge Place,Ribeirão Preto,48
89,cscritch2g,Carmela,Scritch,cscritch2g@sciencedirect.com,16835 Porter Plaza,Eastern Suburbs Mc,62
90,mhowler2h,Malinda,Howler,mhowler2h@ted.com,9 Warbler Plaza,Tanahwurung,49
91,agristwood2i,Alard,Gristwood,agristwood2i@blogs.com,8 Waywood Junction,Soasio,69
92,rshitliffe2j,Ruben,Shitliffe,rshitliffe2j@rediff.com,96345 Crownhardt Road,Tembilahan,68
93,wchasemore2k,Wallis,Chasemore,wchasemore2k@wikispaces.com,2 Mitchell Hill,Kultayevo,61
94,sbilham2l,Stacie,Bilham,sbilham2l@hatena.ne.jp,549 Hanover Drive,Zavetnoye,30
95,alago2m,Auria,Lago,alago2m@drupal.org,737 Westport Crossing,Vsevolozhsk,56
96,gpancast2n,Gustavus,Pancast,gpancast2n@reuters.com,34480 Sycamore Parkway,Rzhev,46
97,lgoldsmith2o,Lorri,Goldsmith,lgoldsmith2o@bloglovin.com,2 Ohio Circle,Mtimbira,63
98,tgoulstone2p,Thornton,Goulstone,tgoulstone2p@paginegialle.it,7 South Street,Klenčí pod Čerchovem,34
99,dmctrustrie2q,Doyle,McTrustrie,dmctrustrie2q@answers.com,131 West Way,Vichy,74
100,ckleeborn2r,Cody,Kleeborn,ckleeborn2r@abc.net.au,7 Loeprich Point,Bongbong,67
101,ecapnor2s,Emmalynn,Capnor,ecapnor2s@soup.io,3212 Loeprich Drive,Gandrungmangu,37
102,aspaule2t,Ailene,Spaule,aspaule2t@scientificamerican.com,70394 Mifflin Crossing,Sujiatun,74
103,rbalogh2u,Ronny,Balogh,rbalogh2u@cloudflare.com,18 Mayfield Center,Morro Agudo,33
104,rbartolomieu2v,Rudolfo,Bartolomieu,rbartolomieu2v@fc2.com,28 Quincy Trail,Shagang,37
105,eedmett2w,Earl,Edmett,eedmett2w@unblog.fr,2 Mesta Crossing,Taimaman,68
106,esilverton2x,Eyde,Silverton,esilverton2x@bbc.co.uk,67 Eastwood Court,Youyun,74
107,lmahoney2y,Loreen,Mahoney,lmahoney2y@yahoo.co.jp,1 Hintze Plaza,Antanifotsy,71
108,rcaldero2z,Renaldo,Caldero,rcaldero2z@soup.io,0 Mitchell Plaza,Cagliari,70
109,nfarres30,Nolana,Farres,nfarres30@wired.com,46 Canary Trail,Sampués,71
110,aughi31,Ashley,Ughi,aughi31@eepurl.com,697 Anniversary Way,Strzelce,52
111,pspradbrow32,Petrina,Spradbrow,pspradbrow32@ox.ac.uk,22 Leroy Alley,Gandara,20
112,agasson33,Audrey,Gasson,agasson33@eventbrite.com,25 Westend Court,Xinjiebu,50
113,cwearing34,Cullin,Wearing,cwearing34@theglobeandmail.com,899 Forest Run Parkway,Levashi,62
114,jmccane35,Jeramie,McCane,jmccane35@dailymotion.com,7 Pine View Trail,Ta Phraya,79
115,dshorthill36,Dante,Shorthill,dshorthill36@cam.ac.uk,827 Warner Point,Terjan,88
116,gmassel37,Gallagher,Massel,gmassel37@creativecommons.org,3 Linden Trail,Burayevo,30
117,bfranzelini38,Bobby,Franzelini,bfranzelini38@cnet.com,10 Dryden Park,Pimian,72
118,cchaudron39,Cliff,Chaudron,cchaudron39@weibo.com,3730 Sachs Point,Lizhuang,57
119,kgreenless3a,Ketty,Greenless,kgreenless3a@sogou.com,134 Pond Circle,Xinshan,70
120,rghest3b,Rosetta,Ghest,rghest3b@upenn.edu,9559 Chive Road,Tongyuanpu,54
121,cedling3c,Cookie,Edling,cedling3c@macromedia.com,0814 Crowley Hill,Tangkolo,51
122,lgravestone3d,Lionello,Gravestone,lgravestone3d@ox.ac.uk,925 Londonderry Circle,Gorodets,24
123,fgardner3e,Fowler,Gardner,fgardner3e@com.com,3 Golf View Circle,Qal‘ah-ye Shāhī,55
124,icometti3f,Inna,Cometti,icometti3f@time.com,4766 Maple Wood Hill,Tambo,53
125,dgeroldo3g,Dwain,Geroldo,dgeroldo3g@paginegialle.it,26962 Hauk Point,Kopang Satu,74
126,dmathelon3h,Dicky,Mathelon,dmathelon3h@sakura.ne.jp,27 Clyde Gallagher Lane,Göteborg,22
127,dmccomiskie3i,Dolorita,McComiskie,dmccomiskie3i@theglobeandmail.com,1994 Pepper Wood Avenue,Chanhe,71
128,lprint3j,Lionel,Print,lprint3j@addtoany.com,107 Shoshone Center,Chambéry,86
129,yposselt3k,Yalonda,Posselt,yposselt3k@netlog.com,78222 Doe Crossing Court,Pengilon,55
130,pgagen3l,Perice,Gagen,pgagen3l@archive.org,68 Kingsford Plaza,Ngurensiti,64
131,rarchdeckne3m,Reggie,Archdeckne,rarchdeckne3m@wisc.edu,4 Rockefeller Terrace,Ścinawa,40
132,ltennick3n,Leicester,Tennick,ltennick3n@macromedia.com,98776 Spenser Terrace,Salerno,21
133,blavell3o,Blakeley,Lavell,blavell3o@dot.gov,8 Nevada Place,Bełżec,86
134,knottle3p,Kaitlin,Nottle,knottle3p@icio.us,19646 Sugar Court,Des Moines,72
135,fschust3q,Friedrick,Schust,fschust3q@topsy.com,96047 Rowland Pass,Chłapowo,89
136,gkarpov3r,Golda,Karpov,gkarpov3r@accuweather.com,1195 Mccormick Parkway,Aqtöbe,51
137,eburditt3s,Emmett,Burditt,eburditt3s@delicious.com,49 Mosinee Road,Jovellar,83
138,lritchman3t,Leila,Ritchman,lritchman3t@yolasite.com,5947 Jenna Plaza,Kolondiéba,62
139,lbrookwood3u,Lara,Brookwood,lbrookwood3u@elpais.com,5 Little Fleur Place,Toulon,48
140,rbritnell3v,Rachelle,Britnell,rbritnell3v@businesswire.com,453 Sage Trail,Skópelos,43
141,eabramchik3w,Erwin,Abramchik,eabramchik3w@list-manage.com,87519 Carioca Terrace,Cibugel,54
142,gbickerdicke3x,Gregorio,Bickerdicke,gbickerdicke3x@chron.com,5 Killdeer Park,San Rafael,29
143,loehm3y,Lemuel,Oehm,loehm3y@squidoo.com,46 Loftsgordon Terrace,Estância Velha,55
144,dgautrey3z,Dolph,Gautrey,dgautrey3z@wikia.com,87777 Towne Drive,Bāzārak,24
145,lstollman40,Lia,Stollman,lstollman40@npr.org,1365 Pond Court,Ntonggu,69
146,rbrearton41,Rickard,Brearton,rbrearton41@purevolume.com,5 Melrose Alley,Avignon,28
147,jkarolczyk42,Junie,Karolczyk,jkarolczyk42@123-reg.co.uk,9359 Claremont Crossing,Hato Mayor del Rey,81
148,esagar43,Ernaline,Sagar,esagar43@facebook.com,57425 Carioca Crossing,Olszanica,55
149,tdanielsson44,Travis,Danielsson,tdanielsson44@prlog.org,0 Blaine Drive,Rizal,28
150,gruperto45,Garold,Ruperto,gruperto45@bravesites.com,75273 Loomis Street,Onomichi,36
151,zlouch46,Zebulon,Louch,zlouch46@unc.edu,5 Lindbergh Street,Realeza,38
152,thallgarth47,Theressa,Hallgarth,thallgarth47@addtoany.com,5 Grayhawk Junction,Cabo de Vila,82
153,wricioppo48,Winston,Ricioppo,wricioppo48@edublogs.org,21351 Blue Bill Park Terrace,Pervomayskaya,23
154,tcosbey49,Thomasin,Cosbey,tcosbey49@ocn.ne.jp,76 Blaine Way,Delareyville,21
155,jcoffee4a,Jan,Coffee,jcoffee4a@webmd.com,710 Everett Junction,Puconci,38
156,mgermain4b,Miguelita,Germain,mgermain4b@irs.gov,9 Waubesa Drive,Hezuo,21
157,kfernao4c,Kendricks,Fernao,kfernao4c@house.gov,75 Waywood Terrace,Stanovoye,63
158,sdevo4d,Sher,Devo,sdevo4d@phoca.cz,12116 Superior Alley,Tamorong,88
159,techallier4e,Thomasa,Echallier,techallier4e@craigslist.org,5152 Mcguire Lane,Youkounkoun,78
160,asabater4f,Aileen,Sabater,asabater4f@vistaprint.com,14 Milwaukee Center,Jijiga,24
161,llooks4g,Latisha,Looks,llooks4g@nymag.com,37502 Jackson Hill,Ćuprija,71
162,rlythgoe4h,Rube,Lythgoe,rlythgoe4h@house.gov,2 Cherokee Circle,Mahīn,57
163,keaklee4i,Kirbee,Eaklee,keaklee4i@fda.gov,32692 Scott Alley,Wuxia,49
164,rkidman4j,Rita,Kidman,rkidman4j@lulu.com,59067 Quincy Plaza,Ciloa,28
165,gtibbs4k,Gerard,Tibbs,gtibbs4k@thetimes.co.uk,74294 Kim Court,Titao,54
166,yscrease4l,Yettie,Screase,yscrease4l@godaddy.com,4 Thompson Alley,Tanglag,81
167,wpointer4m,Whitman,Pointer,wpointer4m@hc360.com,5917 New Castle Plaza,At Tāj,57
168,fmckelloch4n,Fergus,McKelloch,fmckelloch4n@answers.com,0471 Continental Circle,Uychi,74
169,bspaducci4o,Britta,Spaducci,bspaducci4o@marketwatch.com,408 Prairie Rose Avenue,Lluchubamba,29
170,aosesnane4p,Adan,O'Sesnane,aosesnane4p@prweb.com,9699 Reinke Plaza,Aksu,55
171,hbiddwell4q,Hillier,Biddwell,hbiddwell4q@prnewswire.com,157 Shasta Court,Puan,50
172,atriggs4r,Arda,Triggs,atriggs4r@google.it,3343 Sachtjen Avenue,Zhangjiachang,20
173,chainey4s,Carrie,Hainey`,chainey4s@bandcamp.com,317 Corben Street,Lesozavodsk,37
174,nbear4t,Natalina,Bear,nbear4t@godaddy.com,07973 Hoepker Court,Shangsanji,56
175,geden4u,Gerick,Eden,geden4u@ask.com,20789 Browning Circle,Tanda,80
176,tdacks4v,Tyson,Dacks,tdacks4v@rambler.ru,98 Golf Course Street,Tyler,32
177,enizard4w,Ethyl,Nizard,enizard4w@wunderground.com,7434 Pennsylvania Junction,Chambas,38
178,mesherwood4x,Morley,Esherwood,mesherwood4x@cdc.gov,27055 Messerschmidt Court,Margotuhu Kidul,31
179,ggalle4y,Garry,Galle,ggalle4y@wordpress.org,160 Westridge Circle,Sinarwangi,31
180,sdaws4z,Sholom,Daws,sdaws4z@t.co,897 Mccormick Point,Palencia,81
181,rpomfrey50,Reg,Pomfrey,rpomfrey50@vinaora.com,78 Arrowood Crossing,Wróblew,71
182,gcucuzza51,Gustave,Cucuzza,gcucuzza51@unblog.fr,72 Memorial Street,Semirara,61
183,dliversley52,Dorelia,Liversley,dliversley52@cpanel.net,327 Ridge Oak Park,Magtaking,58
184,fscolland53,Forster,Scolland,fscolland53@xing.com,75 Grasskamp Road,Yuncheng,89
185,dnorster54,Dayna,Norster,dnorster54@spiegel.de,552 Hayes Center,Sacramento,26
186,fbickerdicke55,Farris,Bickerdicke,fbickerdicke55@hhs.gov,02 Eastlawn Drive,Zhifudao,78
187,tshipsey56,Tedmund,Shipsey,tshipsey56@bloglovin.com,7405 Mandrake Lane,Yuchi,36
188,dpickett57,Delmar,Pickett,dpickett57@cyberchimps.com,1168 Maple Parkway,Pará de Minas,29
189,rboyat58,Rosella,Boyat,rboyat58@arstechnica.com,81 Surrey Crossing,San Pedro,54
190,kcissen59,Kathy,Cissen,kcissen59@technorati.com,295 Rieder Junction,Koutsopódi,65
191,rpitkin5a,Ruthe,Pitkin,rpitkin5a@arstechnica.com,84631 Division Hill,‘Eilabun,80
192,pdinsmore5b,Pauletta,Dinsmore,pdinsmore5b@nps.gov,58 Jenna Alley,Oygon,66
193,smila5c,Shanna,Mila,smila5c@yolasite.com,03 Iowa Pass,Anju,66
194,rgarrand5d,Ruby,Garrand,rgarrand5d@youtu.be,99371 Chive Plaza,Yasenskaya,26
195,bcalderhead5e,Blinni,Calderhead,bcalderhead5e@livejournal.com,416 Carey Way,Pentre,80
196,hlupson5f,Hiram,Lupson,hlupson5f@phoca.cz,53929 Fordem Plaza,Tubungan,68
197,aexell5g,Anne,Exell,aexell5g@cafepress.com,56 Rowland Way,Dongyangzhen,29
198,kfowlds5h,Kassey,Fowlds,kfowlds5h@zdnet.com,420 1st Lane,Lincheng,69
199,otomczykowski5i,Olga,Tomczykowski,otomczykowski5i@census.gov,770 Upham Avenue,Cam Ranh,81
200,tgothard5j,Terese,Gothard,tgothard5j@angelfire.com,7634 Chive Court,Yelan’-Kolenovskiy,85
201,khurles5k,Kati,Hurles,khurles5k@alexa.com,685 Hansons Plaza,Yangzhen,61
202,ccollabine5l,Claudetta,Collabine,ccollabine5l@reddit.com,607 Loomis Crossing,Guangpu,44
203,rfrift5m,Raffarty,Frift,rfrift5m@salon.com,01 Dunning Court,Ludvika,38
204,arounding5n,Allix,Rounding,arounding5n@infoseek.co.jp,386 Lakewood Gardens Circle,Bei,84
205,mmcgrory5o,Minda,McGrory,mmcgrory5o@example.com,69 Village Way,Lukavec,68
206,wseeney5p,Walsh,Seeney,wseeney5p@ezinearticles.com,49413 Summer Ridge Junction,Hamanoichi,60
207,gtrebilcock5q,Gaby,Trebilcock,gtrebilcock5q@newsvine.com,21744 Ilene Pass,Miskindzha,76
208,pbamlett5r,Peter,Bamlett,pbamlett5r@blog.com,301 Kropf Pass,Kwangyang,69
209,aculver5s,Abner,Culver,aculver5s@meetup.com,0287 Northwestern Alley,Olds,79
210,tlefebre5t,Timmi,Le febre,tlefebre5t@networkadvertising.org,9430 Gale Center,Babushkin,22
211,jnorvell5u,Justinian,Norvell,jnorvell5u@freewebs.com,247 Buell Crossing,Nanyang,47
212,wbeams5v,Welch,Beams,wbeams5v@google.co.uk,1 Messerschmidt Way,Llocllapampa,48
213,rhaberfield5w,Rana,Haberfield,rhaberfield5w@paginegialle.it,57 Cardinal Drive,Qiaotou,58
214,smcasparan5x,Sergio,Mcasparan,smcasparan5x@google.com.au,32263 Fairfield Parkway,Abbotsford,79
215,cbazell5y,Constancia,Bazell,cbazell5y@w3.org,5 Bayside Junction,Kentongan,65
216,icooper5z,Irina,Cooper,icooper5z@ocn.ne.jp,9337 Northwestern Avenue,Sanxi,59
217,bmeekin60,Brady,Meekin,bmeekin60@hibu.com,9 Anderson Drive,Caofang,29
218,leastman61,Leland,Eastman,leastman61@soup.io,03 Grasskamp Plaza,Machang,37
219,cwasmer62,Cristie,Wasmer,cwasmer62@unblog.fr,49 Boyd Court,Nārang,79
220,kbedford63,Karlan,Bedford,kbedford63@toplist.cz,18 Elgar Place,Hŭngnam,20
221,loleszcuk64,Lin,Oleszcuk,loleszcuk64@loc.gov,7677 Scofield Place,Volovets,88
222,skeher65,Shea,Keher,skeher65@nps.gov,718 Meadow Vale Park,Przelewice,84
223,bcornes66,Barn,Cornes,bcornes66@cloudflare.com,86 Esker Junction,Chropyně,20
224,gboldt67,Gabie,Boldt,gboldt67@bloglines.com,8 Riverside Point,San Jose,35
225,pmavin68,Patrizio,Mavin,pmavin68@studiopress.com,73252 Carioca Center,Ryazanskaya,58
226,epetronis69,Ed,Petronis,epetronis69@google.co.uk,4629 Hovde Circle,Kajok,40
227,rdilloway6a,Rachele,Dilloway,rdilloway6a@skyrock.com,4667 Jenifer Trail,Cesvaine,78
228,jbowstead6b,Josepha,Bowstead,jbowstead6b@lulu.com,2281 Petterle Trail,Turanj,36
229,gspuffard6c,Gael,Spuffard,gspuffard6c@zdnet.com,59 Riverside Terrace,Dongchong,41
230,lkubica6d,Larisa,Kubica,lkubica6d@nymag.com,5800 Bluestem Junction,Dacheng,86
231,gthing6e,Gian,Thing,gthing6e@psu.edu,003 Commercial Court,Hägersten,64
232,bbielfeldt6f,Barrie,Bielfeldt,bbielfeldt6f@mozilla.org,1 American Ash Lane,Bol’shaya Setun’,58
233,rgallimore6g,Reinhard,Gallimore,rgallimore6g@usda.gov,601 Lakewood Gardens Pass,Hendala,23
234,rstellino6h,Robinet,Stellino,rstellino6h@omniture.com,14950 Waubesa Junction,Paris 04,34
235,mfaccini6i,Marve,Faccini,mfaccini6i@adobe.com,435 Spenser Street,Yaroslavskiy,59
236,zramsay6j,Zaneta,Ramsay,zramsay6j@tumblr.com,857 Buena Vista Alley,Machinda,82
237,xcramond6k,Xymenes,Cramond,xcramond6k@fema.gov,6758 Scoville Point,Luau,50
238,adalliwater6l,Ann,Dalliwater,adalliwater6l@opensource.org,56036 Sloan Way,Luchenza,59
239,lfishly6m,Lyndel,Fishly,lfishly6m@wiley.com,93 Michigan Way,Quebrada de Arena,81
240,ebakey6n,Edgar,Bakey,ebakey6n@fc2.com,82463 Continental Junction,Xiangzhu,84
241,ptomblett6o,Palm,Tomblett,ptomblett6o@csmonitor.com,0823 Derek Center,Kebloran,27
242,asanton6p,Anabelle,Santon,asanton6p@earthlink.net,072 Springview Terrace,Anh Son,57
243,kmcavinchey6q,Kelby,McAvinchey,kmcavinchey6q@deliciousdays.com,7275 Northview Point,Puerto Rico,68
244,speaker6r,Shalna,Peaker,speaker6r@ifeng.com,77 Alpine Way,Saint David’s,87
245,jkop6s,Janna,Kop,jkop6s@i2i.jp,24 Bowman Drive,Lamalewo,90
246,sjentin6t,Steffane,Jentin,sjentin6t@theglobeandmail.com,33932 Carberry Pass,San Rafael,55
247,yhubber6u,Yalonda,Hubber,yhubber6u@sfgate.com,60106 Maple Wood Terrace,Toupopu,26
248,jnelius6v,Jephthah,Nelius,jnelius6v@merriam-webster.com,51 Talmadge Trail,Ivry-sur-Seine,51
249,hferraro6w,Horatio,Ferraro,hferraro6w@psu.edu,9 Scofield Road,La Libertad,81
250,vmcgill6x,Vivie,McGill,vmcgill6x@dot.gov,42578 Fisk Terrace,Kasreman,89
251,ctapner6y,Camile,Tapner,ctapner6y@baidu.com,99 Barby Hill,Potrerillos,63
252,cmullord6z,Coraline,Mullord,cmullord6z@hhs.gov,33 Montana Terrace,Erandique,89
253,lpyner70,Lynda,Pyner,lpyner70@oaic.gov.au,9460 Truax Crossing,Itapevi,64
254,mmacginney71,Meade,MacGinney,mmacginney71@pcworld.com,86575 Merrick Point,Зуунмод,46
255,gkluger72,Gilemette,Kluger,gkluger72@cargocollective.com,959 Mariners Cove Avenue,Maimará,34
256,gcranham73,Geoff,Cranham,gcranham73@sphinn.com,525 Schurz Court,Semampir,38
257,eweond74,Elisabetta,Weond,eweond74@symantec.com,7 Towne Alley,Shimen,86
258,lwoonton75,Luigi,Woonton,lwoonton75@tamu.edu,75 Autumn Leaf Court,Tagbina,81
259,wnewens76,Wilow,Newens,wnewens76@trellian.com,40013 Farragut Center,Quintã,61
260,gelms77,Gib,Elms,gelms77@ameblo.jp,7238 Messerschmidt Avenue,Irati,57
261,rcashman78,Rufus,Cashman,rcashman78@netscape.com,62227 John Wall Alley,Chitungwiza,48
262,cshirland79,Coralie,Shirland,cshirland79@unblog.fr,1929 Sutteridge Drive,Peuhaq,83
263,dchardin7a,Danny,Chardin,dchardin7a@google.co.uk,04436 Cambridge Trail,Moosomin,60
264,aoveril7b,Andre,Overil,aoveril7b@wordpress.org,06650 New Castle Circle,Belogorsk,20
265,tvase7c,Terencio,Vase,tvase7c@multiply.com,87 Crescent Oaks Trail,Ras al-Khaimah,32
266,gbrounfield7d,Galven,Brounfield,gbrounfield7d@shinystat.com,801 Superior Plaza,Kamuli,88
267,langell7e,Lauryn,Angell,langell7e@slate.com,25236 Northport Junction,Woodford Hill,68
268,psawter7f,Pierrette,Sawter,psawter7f@arizona.edu,56364 Pankratz Lane,Tullinge,50
269,ehearns7g,Elbert,Hearns,ehearns7g@go.com,9843 Westend Center,Antalaha,29
270,lmasterton7h,Leshia,Masterton,lmasterton7h@bing.com,4 Eagan Court,Ja Ela,24
271,gbonus7i,Geoff,Bonus,gbonus7i@wix.com,7 Drewry Plaza,El Limon,38
272,lredier7j,Leone,Redier,lredier7j@blogtalkradio.com,22 Vermont Street,Boulsa,49
273,lrizzello7k,Lesli,Rizzello,lrizzello7k@ehow.com,64549 Prairie Rose Pass,Mwaya,89
274,mhutchens7l,Madelaine,Hutchens,mhutchens7l@theguardian.com,6 Kim Center,Al Maşdūr,46
275,aelnough7m,Arvie,Elnough,aelnough7m@google.ca,97444 Gerald Drive,Nggelok,78
276,vlowton7n,Val,Lowton,vlowton7n@about.me,567 Charing Cross Avenue,Aoufous,36
277,cwaliszewski7o,Colver,Waliszewski,cwaliszewski7o@amazon.de,9117 Spenser Road,Odeleite,36
278,lkennerley7p,Lyndell,Kennerley,lkennerley7p@tripadvisor.com,33 Toban Plaza,Pathein,82
279,babelov7q,Basilio,Abelov,babelov7q@salon.com,23272 5th Road,Gaide,27
280,adeerness7r,Augusta,Deerness,adeerness7r@sohu.com,13592 Ronald Regan Point,Aktsyabrski,68
281,gscurrer7s,Guillermo,Scurrer,gscurrer7s@a8.net,5865 Carey Alley,Ralung,25
282,lklich7t,Ludovika,Klich,lklich7t@dedecms.com,00 Delaware Place,Blois,64
283,mmactrustram7u,Malynda,MacTrustram,mmactrustram7u@tuttocitta.it,24806 Mayfield Avenue,Rios Frios,71
284,ihousego7v,Isidor,Housego,ihousego7v@example.com,74594 Schiller Avenue,Cabucgayan,59
285,cgloyens7w,Catherin,Gloyens,cgloyens7w@tiny.cc,75 Lawn Way,Tengah,21
286,wfaich7x,Wallas,Faich,wfaich7x@ehow.com,80167 8th Alley,Fontana,78
287,tfoskett7y,Terrill,Foskett,tfoskett7y@nbcnews.com,73 Westridge Parkway,Jankowice,28
288,aroelofsen7z,Aurilia,Roelofsen,aroelofsen7z@wikimedia.org,525 Aberg Crossing,Infanta,23
289,chanhard80,Catarina,Hanhard,chanhard80@wufoo.com,049 Cascade Plaza,Santa Elena,61
290,aapperley81,Alisa,Apperley,aapperley81@clickbank.net,909 Prairie Rose Hill,Carolina,42
291,jwalsham82,Jilleen,Walsham,jwalsham82@ebay.com,6 Hanover Lane,Mali Iđoš,43
292,mjouandet83,Mathew,Jouandet,mjouandet83@vinaora.com,5 Larry Point,Shatalovo,50
293,blindsley84,Bordie,Lindsley,blindsley84@mapy.cz,8 Marquette Crossing,Chropyně,28
294,eswanton85,Evaleen,Swanton,eswanton85@sakura.ne.jp,7 Morningstar Trail,Sidikalang,68
295,jeldritt86,Julina,Eldritt,jeldritt86@xrea.com,546 Walton Trail,Tyresö,30
296,tbowick87,Thedric,Bowick,tbowick87@bing.com,977 Badeau Parkway,Värnamo,66
297,vclover88,Vincenty,Clover,vclover88@usda.gov,0 Jana Way,Bai’e,60
298,jgaratty89,Jilleen,Garatty,jgaratty89@shop-pro.jp,1 Lindbergh Parkway,Raniżów,60
299,mcommusso8a,Morie,Commusso,mcommusso8a@networkadvertising.org,6652 High Crossing Way,Koryukivka,44
300,mcasillas8b,Marty,Casillas,mcasillas8b@cisco.com,1973 Sheridan Avenue,Bandong,44
301,cgoghin8c,Charla,Goghin,cgoghin8c@tuttocitta.it,46586 Paget Place,Kosiv,29
302,pprahl8d,Prent,Prahl,pprahl8d@privacy.gov.au,661 Marcy Way,Pulilan,61
303,jsuston8e,Julita,Suston,jsuston8e@europa.eu,664 Cardinal Drive,Ząbkowice Śląskie,78
304,alorenzetti8f,Ariella,Lorenzetti,alorenzetti8f@cmu.edu,4059 Sachs Trail,Taiyigong,25
305,ghayworth8g,Georgi,Hayworth,ghayworth8g@instagram.com,08682 Johnson Alley,Kafarati,76
306,kerley8h,Kiri,Erley,kerley8h@ft.com,782 Ridge Oak Point,Chernyanka,47
307,jfrankowski8i,Jordan,Frankowski,jfrankowski8i@csmonitor.com,3733 Morningstar Center,Houston,56
308,bserchwell8j,Byrle,Serchwell,bserchwell8j@narod.ru,74 Knutson Terrace,Del Rosario,37
309,bseppey8k,Bari,Seppey,bseppey8k@mashable.com,31 Bunker Hill Place,Ouranoupolis,52
310,aarrandale8l,Avie,Arrandale,aarrandale8l@bandcamp.com,3041 Lawn Point,Kerikeri,54
311,sperrington8m,Stefania,Perrington,sperrington8m@google.ca,6263 1st Drive,Puerto Rico,63
312,ypoynton8n,Yuma,Poynton,ypoynton8n@nsw.gov.au,63998 Upham Avenue,Abbeville,55
313,nleyes8o,Nikolaos,Leyes,nleyes8o@mapquest.com,9 Linden Circle,Rialma,25
314,rsteenson8p,Raye,Steenson,rsteenson8p@dailymail.co.uk,3 Evergreen Crossing,Cinagrog Girang,69
315,cawin8q,Crichton,Awin,cawin8q@php.net,22 Grover Place,Bamenda,75
316,jgrenshiels8r,Jeramey,Grenshiels,jgrenshiels8r@cam.ac.uk,042 Westerfield Alley,Kashar,47
317,tpawelski8s,Thedric,Pawelski,tpawelski8s@friendfeed.com,67 Birchwood Way,Kýria,26
318,gsoldi8t,Gay,Soldi,gsoldi8t@forbes.com,860 Crowley Terrace,Quezon City,37
319,pkrol8u,Philippa,Krol,pkrol8u@cbslocal.com,18133 Derek Street,Gesikan,47
320,hlant8v,Herb,Lant,hlant8v@wikipedia.org,90 Pankratz Hill,Kostyantynivka,69
321,aainsley8w,Audrye,Ainsley,aainsley8w@diigo.com,23284 Hoard Street,Kuala Baru,58
322,rmacavddy8x,Rustin,MacAvddy,rmacavddy8x@163.com,1447 Monterey Place,Peicheng,53
323,alongfut8y,Alexia,Longfut,alongfut8y@xrea.com,81 Rusk Terrace,Luar,34
324,srippin8z,Stace,Rippin,srippin8z@usgs.gov,065 Derek Circle,Bang Kruai,35
325,jrosenqvist90,Jasper,Rosenqvist,jrosenqvist90@umn.edu,1 Onsgard Avenue,San Pedro del Paraná,71
326,rstummeyer91,Rochester,Stummeyer,rstummeyer91@t-online.de,43 1st Alley,Yinzhu,37
327,mrisebrow92,Martainn,Risebrow,mrisebrow92@last.fm,400 Debra Lane,Guaranésia,57
328,pduchan93,Phil,Duchan,pduchan93@so-net.ne.jp,28494 Quincy Pass,Chetian,53
329,awinchurch94,Adela,Winchurch,awinchurch94@github.io,2596 Southridge Way,Kabaty,67
330,gbowhey95,Gisela,Bowhey,gbowhey95@nasa.gov,450 Bashford Plaza,Freiria,30
331,gleball96,Giffie,Le Ball,gleball96@seesaa.net,3602 Ronald Regan Junction,Ashtarak,63
332,agiacopelo97,Ania,Giacopelo,agiacopelo97@xrea.com,79008 Raven Park,Bhokadoke,82
333,fpozzi98,Felisha,Pozzi,fpozzi98@state.tx.us,07299 Del Mar Lane,Clodomira,45
334,rklimentyonok99,Roland,Klimentyonok,rklimentyonok99@nytimes.com,82617 Mallory Pass,K Bang,34
335,jbalk9a,Jorey,Balk,jbalk9a@bloglovin.com,0 Dahle Park,Neiva,90
336,hblunsen9b,Hillery,Blunsen,hblunsen9b@sphinn.com,6313 Texas Trail,Bobrov,32
337,ijankin9c,Inna,Jankin,ijankin9c@4shared.com,029 Kensington Place,Paarl,76
338,btrematick9d,Bell,Trematick,btrematick9d@tinyurl.com,493 4th Court,Otuzco,84
339,afantonetti9e,Alice,Fantonetti,afantonetti9e@scientificamerican.com,83 Sunbrook Pass,Zgornje Bitnje,42
340,dtrewhitt9f,Denny,Trewhitt,dtrewhitt9f@sfgate.com,7 Doe Crossing Terrace,Ćićevac,23
341,nbrownlee9g,Nap,Brownlee,nbrownlee9g@theguardian.com,29 Hallows Drive,Gatbo,59
342,fcraigheid9h,Felicity,Craigheid,fcraigheid9h@cbslocal.com,36 Dorton Place,Kanḏay,86
343,vjalland9i,Vidovic,Jalland,vjalland9i@unicef.org,3598 Waywood Center,Cocachacra,85
344,lbarendtsen9j,Lusa,Barendtsen,lbarendtsen9j@booking.com,24 Lake View Court,Ake-Eze,48
345,fmylechreest9k,Free,Mylechreest,fmylechreest9k@census.gov,9 Melby Pass,Smiltene,48
346,lvaulkhard9l,Leland,Vaulkhard,lvaulkhard9l@nifty.com,2 Granby Alley,Yaroslavl,49
347,aeddy9m,Allyn,Eddy,aeddy9m@weather.com,70812 Marquette Pass,Falköping,42
348,aleggin9n,Alicea,Leggin,aleggin9n@slate.com,084 Meadow Vale Drive,Gaojian,65
349,cbaselli9o,Chloe,Baselli,cbaselli9o@arizona.edu,6325 Center Hill,Miyazu,53
350,fhayen9p,Farrand,Hayen,fhayen9p@twitpic.com,745 International Way,Bilice,89
351,ghurren9q,Gibbie,Hurren,ghurren9q@dell.com,26 Cambridge Pass,Tierp,76
352,bhazeldine9r,Boot,Hazeldine,bhazeldine9r@goo.ne.jp,55713 Scofield Trail,Poja,64
353,lstodd9s,Lurleen,Stodd,lstodd9s@cloudflare.com,0591 Moose Hill,Marseille,71
354,gmaven9t,Gradey,Maven,gmaven9t@jimdo.com,18340 Lerdahl Park,Taivalkoski,66
355,cajam9u,Claresta,Ajam,cajam9u@cisco.com,8 Erie Trail,Jambubol,84
356,cmccarron9v,Clarinda,McCarron,cmccarron9v@amazon.de,449 Nevada Junction,Lamas,25
357,lwethered9w,Lindsey,Wethered,lwethered9w@wiley.com,00343 Kedzie Plaza,Koffiefontein,74
358,tlangworthy9x,Tricia,Langworthy,tlangworthy9x@google.com.au,44624 Trailsway Point,Qianchuan,37
359,lnovakovic9y,Larine,Novakovic,lnovakovic9y@csmonitor.com,538 Mcguire Circle,Boshkengash,47
360,gberni9z,Germain,Berni,gberni9z@archive.org,00 Homewood Circle,Guilmaro,29
361,eburroughesa0,Ernestus,Burroughes,eburroughesa0@gmpg.org,2041 Quincy Plaza,Limmared,75
362,tpostgatea1,Tamera,Postgate,tpostgatea1@theguardian.com,2 Pawling Trail,Lisičani,32
363,rcorderya2,Russ,Cordery,rcorderya2@state.tx.us,693 Rockefeller Hill,Shangcun,38
364,brosenbluma3,Briano,Rosenblum,brosenbluma3@time.com,534 6th Circle,Jianguang,88
365,ctutinga4,Chico,Tuting,ctutinga4@marketwatch.com,81903 Raven Parkway,Rondonópolis,33
366,jbrianta5,Jake,Briant,jbrianta5@loc.gov,01099 Elgar Junction,Qiagai,90
367,htomalina6,Herbert,Tomalin,htomalina6@army.mil,222 Buhler Park,Taltal,72
368,dpatkina7,Darsie,Patkin,dpatkina7@ocn.ne.jp,68115 Sachs Pass,Veliki Preslav,86
369,dtriponya8,Dorree,Tripony,dtriponya8@amazon.co.jp,2 Fairview Street,Brzeszcze,73
370,mnorthleigha9,Marybelle,Northleigh,mnorthleigha9@vkontakte.ru,9 Fisk Way,Anopog,57
371,imeinsaa,Ingelbert,Meins,imeinsaa@pen.io,87 Mayer Court,Maple Ridge,43
372,rstquentinab,Robinette,St. Quentin,rstquentinab@jimdo.com,9863 Moland Terrace,Jagna,83
373,cbaudichonac,Celestina,Baudichon,cbaudichonac@mlb.com,829 2nd Way,Kapsabet,78
374,shelliarad,Sander,Helliar,shelliarad@dell.com,2 Michigan Alley,Manokwari,39
375,vdukelowae,Velma,Dukelow,vdukelowae@creativecommons.org,924 Center Lane,Jeżów Sudecki,39
376,keadmeadesaf,Kele,Eadmeades,keadmeadesaf@tmall.com,4 Pennsylvania Place,Qujing,69
377,overrallag,Orazio,Verrall,overrallag@addthis.com,75974 Delladonna Junction,Pinsk,79
378,acanedoah,Alisha,Canedo,acanedoah@redcross.org,3841 Sauthoff Circle,Belyye Stolby,76
379,nteeneyai,Neila,Teeney,nteeneyai@walmart.com,33 Meadow Vale Terrace,Juranalas,60
380,dklasenaj,Davina,Klasen,dklasenaj@upenn.edu,184 Veith Street,Ritchie,53
381,ljannequinak,Lenna,Jannequin,ljannequinak@harvard.edu,7 Donald Terrace,Watsa,59
382,hcockranal,Helyn,Cockran,hcockranal@foxnews.com,3 Superior Place,Fuwen,24
383,kcocheram,Kally,Cocher,kcocheram@hhs.gov,76 Jay Place,Yushu,39
384,egilfoylean,Elfrieda,Gilfoyle,egilfoylean@hc360.com,7 Dapin Alley,Mandráki,88
385,mtrembeyao,Mar,Trembey,mtrembeyao@wufoo.com,42564 Fulton Lane,Boka,31
386,mburdittap,Michelle,Burditt,mburdittap@dropbox.com,0 Cherokee Street,Perlez,80
387,fdiehnaq,Farah,Diehn,fdiehnaq@google.ru,0792 Buell Hill,Koryukivka,80
388,rdarrowar,Rourke,Darrow,rdarrowar@cafepress.com,179 Jackson Road,Bronnitsy,85
389,glyokhinas,Griffy,Lyokhin,glyokhinas@columbia.edu,41 Commercial Court,Phon Phisai,74
390,mdurnfordat,Meir,Durnford,mdurnfordat@istockphoto.com,381 Village Green Pass,Schroeder,41
391,krennicksau,Kelcie,Rennicks,krennicksau@shareasale.com,85 Muir Court,Porto Ferreira,67
392,mcovielloav,Matias,Coviello,mcovielloav@cloudflare.com,9 Quincy Way,Bonneuil-sur-Marne,59
393,ksolwayaw,Karissa,Solway,ksolwayaw@liveinternet.ru,5 Elka Court,København,56
394,bclistax,Briana,Clist,bclistax@vimeo.com,7 Mesta Park,Toubao,58
395,mtolcharay,Margy,Tolchar,mtolcharay@desdev.cn,20 Hansons Hill,Pomerode,76
396,kwaterhousaz,Karon,Waterhous,kwaterhousaz@bloglovin.com,0137 Elka Alley,Esperanza,41
397,rwinstanleyb0,Robbyn,Winstanley,rwinstanleyb0@squidoo.com,3 Ridge Oak Drive,Bairro dos Marinheiros,29
398,grideb1,Gerardo,Ride,grideb1@cloudflare.com,4301 8th Parkway,Évora,41
399,hdosdillb2,Harwilll,Dosdill,hdosdillb2@paypal.com,9371 Arizona Hill,Zheleznogorsk,90
400,cdooneb3,Caren,Doone,cdooneb3@php.net,1 Rieder Center,Lauro de Freitas,40
401,etrevithickb4,Emalia,Trevithick,etrevithickb4@statcounter.com,87807 Rieder Trail,Östhammar,45
402,cstaintonskinnb5,Caralie,Stainton - Skinn,cstaintonskinnb5@sun.com,34655 Brentwood Drive,Bachuan,33
403,krispineb6,Killie,Rispine,krispineb6@google.fr,92 Bultman Avenue,Sutukoba,59
404,rbielefeldb7,Rebeka,Bielefeld,rbielefeldb7@tuttocitta.it,0 Ridge Oak Plaza,Si Sa Ket,72
405,hhedworthb8,Hyacintha,Hedworth,hhedworthb8@umich.edu,77 Spenser Crossing,Barão de Melgaço,47
406,eaishfordb9,Eryn,Aishford,eaishfordb9@opera.com,6 Comanche Point,Miaoli,61
407,ldedantesieba,Lea,De Dantesie,ldedantesieba@edublogs.org,1 Golf View Lane,Manlio Fabio Altamirano,41
408,spownerbb,Sarette,Powner,spownerbb@washingtonpost.com,735 Westend Street,Mỹ Thọ,40
409,jhitchambc,Joelie,Hitcham,jhitchambc@bloomberg.com,5 Lakeland Way,Lovas,30
410,emeebd,Ellie,Mee,emeebd@apache.org,02 Elmside Point,Minien East,42
411,lnorhenybe,Levon,Norheny,lnorhenybe@deviantart.com,35 Moulton Hill,Bảo Lộc,39
412,cechalierbf,Calv,Echalier,cechalierbf@google.it,2 Schiller Parkway,Předklášteří,46
413,ndreesbg,Noel,Drees,ndreesbg@biblegateway.com,7970 Wayridge Terrace,Pŭrvomaytsi,35
414,jbougheybh,Jammie,Boughey,jbougheybh@biblegateway.com,737 Russell Avenue,Bcharré,44
415,vringrosebi,Vanya,Ringrose,vringrosebi@acquirethisname.com,98 Manufacturers Place,Pompéia,83
416,dclaphambj,Dedra,Clapham,dclaphambj@salon.com,906 Starling Point,Belas,42
417,mgrattenbk,Mareah,Gratten,mgrattenbk@wp.com,8 Banding Junction,Henghe,35
418,sjanaszewskibl,Scottie,Janaszewski,sjanaszewskibl@usnews.com,55366 Sherman Plaza,Krasnoye,25
419,gjeffreybm,Gayler,Jeffrey,gjeffreybm@t.co,4 Browning Alley,Carcavelos,35
420,lharhoffbn,Lilia,Harhoff,lharhoffbn@vistaprint.com,9 Linden Point,Nao,35
421,whopfnerbo,Willis,Hopfner,whopfnerbo@ted.com,1 Reindahl Drive,Levashi,58
422,bwetheraldbp,Bryna,Wetherald,bwetheraldbp@1und1.de,984 Red Cloud Road,Gressier,25
423,sallseppbq,Starlene,Allsepp,sallseppbq@admin.ch,7 Cottonwood Parkway,Rembes,24
424,llamburnbr,Lyndy,Lamburn,llamburnbr@elegantthemes.com,2 Mallard Circle,Vanimo,41
425,dkilbournebs,Danette,Kilbourne,dkilbournebs@fema.gov,21 Carberry Place,Tukums,86
426,aschreinerbt,Analise,Schreiner,aschreinerbt@exblog.jp,2100 Eastlawn Way,Cipari,32
427,emarchettibu,Ermentrude,Marchetti,emarchettibu@latimes.com,04529 Northridge Plaza,Tafí Viejo,26
428,tparrisbv,Theresita,Parris,tparrisbv@cbsnews.com,8068 Prentice Hill,Södertälje,36
429,tspridgeonbw,Trstram,Spridgeon,tspridgeonbw@jiathis.com,62 Manitowish Park,Barbalha,20
430,rrancebx,Roobbie,Rance,rrancebx@simplemachines.org,106 Mallory Lane,Smederevska Palanka,71
431,nquiddihyby,Neale,Quiddihy,nquiddihyby@irs.gov,6379 Golden Leaf Place,Aanislag,79
432,gbauldbz,Gifford,Bauld,gbauldbz@flavors.me,0 Barnett Circle,Sŏnbong,45
433,sbraghinic0,Sayres,Braghini,sbraghinic0@alibaba.com,06 Banding Plaza,Melissochóri,72
434,bbebbellc1,Bee,Bebbell,bbebbellc1@slate.com,26008 Buhler Plaza,Paris 16,51
435,mcormodec2,Merrie,Cormode,mcormodec2@home.pl,8676 Waxwing Drive,Digdig,75
436,jleatec3,Jon,Leate,jleatec3@discovery.com,22977 Derek Crossing,Mir,72
437,bshowellc4,Belva,Showell,bshowellc4@paginegialle.it,36357 Russell Crossing,Florida,67
438,estirlandc5,Etti,Stirland,estirlandc5@tumblr.com,50123 Independence Pass,Dongzhaogezhuang,84
439,lmccurlyec6,Luca,McCurlye,lmccurlyec6@over-blog.com,5909 Cardinal Circle,Tapes,69
440,cgenteryc7,Colleen,Gentery,cgenteryc7@woothemes.com,89 Springs Center,Bubullimë,40
441,tlyndsc8,Tailor,Lynds,tlyndsc8@google.com.br,68 Pleasure Point,Sionogan,69
442,ldreinanc9,Lurleen,Dreinan,ldreinanc9@twitpic.com,67174 Summer Ridge Parkway,Taphan Hin,65
443,dgreenhallca,Damon,Greenhall,dgreenhallca@narod.ru,709 North Circle,Mariposa,57
444,valpincb,Vanya,Alpin,valpincb@printfriendly.com,3 Upham Road,Xiaoyangqi,77
445,rjankovskycc,Rhodia,Jankovsky,rjankovskycc@pcworld.com,6 Butternut Trail,Rozhdestveno,62
446,dtromancd,Delinda,Troman,dtromancd@cdbaby.com,8779 Dayton Lane,Liangguang,27
447,sstonesce,Seline,Stones,sstonesce@opera.com,5523 Reinke Place,Buur Gaabo,28
448,tpiquardcf,Theresina,Piquard,tpiquardcf@mac.com,7 Northridge Lane,Zhizhong,61
449,aprimettcg,Aldwin,Primett,aprimettcg@mtv.com,72984 Main Alley,Las Vegas,30
450,rcheeversch,Ruperto,Cheevers,rcheeversch@slideshare.net,0 Dunning Trail,San Juan Bautista,89
451,smordonci,Shaun,Mordon,smordonci@pen.io,6 Oneill Avenue,Oviedo,47
452,zclapsoncj,Zebadiah,Clapson,zclapsoncj@cornell.edu,2 Hayes Drive,Wenjī,79
453,wlamberteschick,Willetta,Lamberteschi,wlamberteschick@sina.com.cn,07550 Talisman Junction,Yosowilangun,31
454,eherremacl,Erica,Herrema,eherremacl@prnewswire.com,1480 Cody Crossing,Bayeux,59
455,fverrillscm,Frederica,Verrills,fverrillscm@ask.com,98 Clyde Gallagher Alley,Malartic,62
456,pivanonkocn,Patsy,Ivanonko,pivanonkocn@pbs.org,2609 Clyde Gallagher Parkway,Jianqiao,85
457,ystockfordco,Yance,Stockford,ystockfordco@vkontakte.ru,4 Trailsway Place,Peicheng,46
458,pwellingtoncp,Prue,Wellington,pwellingtoncp@bbb.org,663 Nelson Place,Yayao,85
459,randreacq,Reina,Andrea,randreacq@techcrunch.com,439 Mcguire Way,Yuzhno-Sukhokumsk,63
460,msonghurstcr,Monique,Songhurst,msonghurstcr@merriam-webster.com,9 Blackbird Parkway,Mafra,31
461,nhatherellcs,Nichole,Hatherell,nhatherellcs@sphinn.com,89751 Del Sol Hill,Edgeworthstown,70
462,wbromehedct,Worthy,Bromehed,wbromehedct@mac.com,7 Kropf Road,Hepang,41
463,eknattcu,Emmet,Knatt,eknattcu@fema.gov,76159 Messerschmidt Crossing,Laocheng,80
464,mmenichinocv,Marylinda,Menichino,mmenichinocv@istockphoto.com,6813 Tomscot Point,Söderköping,40
465,emattingsoncw,Estell,Mattingson,emattingsoncw@mit.edu,32224 Merrick Road,La Mesa,79
466,jseabournecx,Janenna,Seabourne,jseabournecx@home.pl,6405 Ramsey Trail,Long Beluah,81
467,sshirtcy,Simon,Shirt,sshirtcy@mediafire.com,986 High Crossing Junction,Okotoks,74
468,teaklycz,Timothea,Eakly,teaklycz@hubpages.com,22023 Dorton Point,Cigedang,27
469,dfrered0,Dotti,Frere,dfrered0@canalblog.com,116 Daystar Lane,Manique,73
470,kzamorranod1,Katrina,Zamorrano,kzamorranod1@aol.com,3 Golf Lane,Kirkop,43
471,ecreegand2,Errol,Creegan,ecreegand2@goodreads.com,42 Parkside Pass,Konstantinovo,26
472,rseaterd3,Rodger,Seater,rseaterd3@usgs.gov,42 New Castle Way,Pyzdry,80
473,eivankovd4,Elise,Ivankov,eivankovd4@businessinsider.com,3 Starling Plaza,Skien,71
474,gcraykerd5,Godard,Crayker,gcraykerd5@europa.eu,709 Hoffman Crossing,Budapest,40
475,diskowitzd6,Domenic,Iskowitz,diskowitzd6@wiley.com,94 Sunfield Terrace,Bousso,64
476,cpowerd7,Car,Power,cpowerd7@reference.com,7 Waxwing Junction,Tinambac,23
477,rmyerscoughd8,Rollie,Myerscough,rmyerscoughd8@facebook.com,851 5th Court,Vyksa,70
478,gbruhnicked9,Glen,Bruhnicke,gbruhnicked9@fda.gov,9 Monterey Alley,Chinchaypujio,26
479,shindhaughda,Skippy,Hindhaugh,shindhaughda@themeforest.net,68 Morningstar Lane,Ecilda Paullier,54
480,pdebneydb,Peta,Debney,pdebneydb@dell.com,88 Forest Hill,Barţa‘ah ash Sharqīyah,29
481,pmulqueendc,Pauline,Mulqueen,pmulqueendc@un.org,07 Iowa Terrace,Fálanna,29
482,lmourtondd,Lucretia,Mourton,lmourtondd@flickr.com,153 Veith Parkway,Inhumas,80
483,askeldonde,Allx,Skeldon,askeldonde@admin.ch,94375 Dexter Place,Shaffa,57
484,bfirsbydf,Blythe,Firsby,bfirsbydf@bbb.org,8116 Bayside Court,Fermoy,34
485,gglasermandg,Gustaf,Glaserman,gglasermandg@businessweek.com,087 Pleasure Park,Machinga,50
486,lderobertodh,Letty,De Roberto,lderobertodh@tinyurl.com,3008 John Wall Hill,Margate,41
487,jcarlawdi,Jared,Carlaw,jcarlawdi@opensource.org,54642 Miller Plaza,Wonokromo,88
488,posgardj,Pepe,Osgar,posgardj@mozilla.org,9 Bayside Crossing,Heshui,63
489,nciobotarodk,Noah,Ciobotaro,nciobotarodk@bigcartel.com,0851 Vera Hill,Samsan,75
490,rpindardl,Rochella,Pindar,rpindardl@discuz.net,145 Kingsford Trail,Danan,50
491,hochterloniedm,Holt,Ochterlonie,hochterloniedm@etsy.com,250 Oak Court,Betim,24
492,mgapperdn,Marylin,Gapper,mgapperdn@ucla.edu,41 Dapin Pass,Thị Trấn Tam Sơn,65
493,lhanscombedo,Lydie,Hanscombe,lhanscombedo@weebly.com,578 Arrowood Park,Madrid,50
494,hquinnellydp,Howie,Quinnelly,hquinnellydp@mail.ru,5514 Brickson Park Terrace,Pakxé,74
495,hkleinmanndq,Hedwiga,Kleinmann,hkleinmanndq@webeden.co.uk,737 Knutson Parkway,Kalmar,45
496,rmacdiarmonddr,Ree,MacDiarmond,rmacdiarmonddr@vistaprint.com,4 Superior Road,Labé,51
497,ffochsds,Fitzgerald,Fochs,ffochsds@reverbnation.com,25 Bultman Center,Drobin,77
498,nlenneydt,Niki,Lenney,nlenneydt@vistaprint.com,713 La Follette Center,Palencia,58
499,phaborndu,Phil,Haborn,phaborndu@macromedia.com,87 Northridge Junction,Rimpakgede,64
500,bbarrowcliffdv,Blondell,Barrowcliff,bbarrowcliffdv@independent.co.uk,0 Ruskin Circle,Marhanets’,56
501,wmarquisdw,Wilone,Marquis,wmarquisdw@acquirethisname.com,0386 Scofield Park,Tarvasjoki,22
502,jdanilovdx,Jamima,Danilov,jdanilovdx@statcounter.com,6305 Grasskamp Park,Longtanping,31
503,gcundictdy,Glory,Cundict,gcundictdy@t-online.de,1252 Debra Point,Dhuusamarreeb,37
504,stinhamdz,Sigismund,Tinham,stinhamdz@sourceforge.net,312 Melvin Way,Shifang,37
505,ipassee0,Irv,Passe,ipassee0@biblegateway.com,24493 Sutteridge Plaza,Leticia,49
506,jmacareee1,Jackie,MacAree,jmacareee1@goodreads.com,120 Waxwing Terrace,Domont,58
507,adorwoode2,Amandi,Dorwood,adorwoode2@php.net,7 Holy Cross Plaza,El Viejo,59
508,ohabine3,Opaline,Habin,ohabine3@ebay.com,90 Mendota Terrace,Banī Suhaylā,82
509,gcroisiere4,Gradeigh,Croisier,gcroisiere4@netvibes.com,219 Leroy Court,Itapecerica da Serra,90
510,eallrede5,Elly,Allred,eallrede5@tripadvisor.com,0 Corscot Place,Santa Brigida,24
511,lmithune6,Leola,Mithun,lmithune6@kickstarter.com,383 Green Park,Elefsína,89
512,pburgume7,Padget,Burgum,pburgume7@moonfruit.com,78899 Arapahoe Road,Onguday,77
513,cjosovitze8,Corbett,Josovitz,cjosovitze8@blogspot.com,76700 Sauthoff Terrace,Jinguoping,88
514,ppenticoote9,Pauli,Penticoot,ppenticoote9@posterous.com,07516 Maple Wood Hill,Yuhang,80
515,flaydonea,Fredrick,Laydon,flaydonea@hud.gov,703 Maple Wood Way,Boa Vista,38
516,espieghteb,Eada,Spieght,espieghteb@dedecms.com,19 Bluestem Parkway,Batuan,24
517,cjunesec,Chris,Junes,cjunesec@xinhuanet.com,7793 Doe Crossing Avenue,Norton,66
518,mloftieed,Maynord,Loftie,mloftieed@omniture.com,61 New Castle Center,Nalinggou,87
519,lhubbackee,Lynda,Hubback,lhubbackee@wunderground.com,068 Loftsgordon Trail,Biankouma,35
520,ocorneliussenef,Orly,Corneliussen,ocorneliussenef@springer.com,34997 Golf Road,Xiamao,88
521,mdehaveneg,Marina,De Haven,mdehaveneg@xing.com,9482 John Wall Pass,Tessaoua,24
522,csivyoureh,Culver,Sivyour,csivyoureh@ezinearticles.com,089 Haas Point,Capitán Bermúdez,88
523,sduredenei,Sophi,Dureden,sduredenei@ucoz.ru,8534 Dunning Point,San Pedro,23
524,csommertonej,Cally,Sommerton,csommertonej@prnewswire.com,27 Bunker Hill Road,Póvoa,85
525,mbriscoeek,Mady,Briscoe,mbriscoeek@yale.edu,04700 Talisman Terrace,Podosinovets,58
526,ccalbreathel,Crissie,Calbreath,ccalbreathel@acquirethisname.com,1388 Ludington Pass,Nebug,61
527,rgonninem,Rodd,Gonnin,rgonninem@diigo.com,3 Clarendon Point,Mpraeso,52
528,amanwellen,Aldridge,Manwell,amanwellen@patch.com,5 Milwaukee Pass,Tilang,86
529,nzemlereo,Nannie,Zemler,nzemlereo@google.co.uk,546 Trailsway Park,Pisarzowice,49
530,sstarsmoreep,Sylas,Starsmore,sstarsmoreep@diigo.com,910 Northland Parkway,Tongzilin,56
531,mkensyeq,Marcelle,Kensy,mkensyeq@sciencedaily.com,282 Derek Way,Juwana,73
532,aharrismither,Anatol,Harrismith,aharrismither@hubpages.com,5839 Becker Hill,Lanxi,83
533,mnavanes,Miriam,Navan,mnavanes@globo.com,8091 Anthes Way,Orimattila,87
534,sdovermannet,Staffard,Dovermann,sdovermannet@prweb.com,4 Northport Parkway,Burnaby,71
535,mburchetteu,Marietta,Burchett,mburchetteu@blinklist.com,624 Kenwood Alley,Kaleybar,81
536,landryuninev,Luther,Andryunin,landryuninev@macromedia.com,7 Mcguire Court,Debesy,58
537,hschollew,Henka,Scholl,hschollew@hao123.com,2 Hoffman Circle,Vatutine,56
538,jbasnettex,Jessica,Basnett,jbasnettex@bluehost.com,45 Johnson Plaza,Diepsloot,50
539,drankeney,Denys,Ranken,drankeney@nba.com,764 Harbort Alley,Huizhou,85
540,apowlingez,Archibold,Powling,apowlingez@pbs.org,16444 Jackson Center,Timon,22
541,xraimanf0,Xenos,Raiman,xraimanf0@google.co.uk,61 Gina Junction,Horní Jelení,72
542,gdinnagef1,Glory,Dinnage,gdinnagef1@amazon.com,461 Prentice Plaza,Saint-Dié-des-Vosges,69
543,cmartineauf2,Clint,Martineau,cmartineauf2@vkontakte.ru,1 Fallview Plaza,Bolilao,90
544,cbotcherbyf3,Carmelia,Botcherby,cbotcherbyf3@reference.com,1354 Warner Court,Nikolayevka,60
545,eluggf4,Ewell,Lugg,eluggf4@arizona.edu,655 Pine View Center,Khallat Şāliḩ,60
546,ftrettf5,Florie,Trett,ftrettf5@weather.com,55 Merrick Park,Tengah,83
547,aparamanf6,Arnie,Paraman,aparamanf6@wisc.edu,840 Moulton Junction,Paraparaumu,37
548,collerf7,Concordia,Oller,collerf7@wired.com,71480 Sachs Street,Huallanca,88
549,nterzzaf8,Nisse,Terzza,nterzzaf8@state.gov,61 Mallory Court,Hachinohe,67
550,jstotf9,Josy,Stot,jstotf9@tumblr.com,8934 Surrey Drive,Gushi,71
551,tolwenfa,Tammi,Olwen,tolwenfa@wisc.edu,74558 Anthes Center,Campurrejo,70
552,cfellonfb,Cyrill,Fellon,cfellonfb@friendfeed.com,57520 Service Center,Amadeo,74
553,scourtneyfc,Silvana,Courtney,scourtneyfc@acquirethisname.com,35138 Hanover Parkway,Rashaant,62
554,cwollastonfd,Clarinda,Wollaston,cwollastonfd@digg.com,80415 Lakeland Park,Hamar,68
555,omulcockfe,Ondrea,Mulcock,omulcockfe@live.com,9003 Eagle Crest Drive,Morelos,69
556,hcondonff,Hieronymus,Condon,hcondonff@tinypic.com,8240 Bowman Parkway,Kagal’nitskaya,62
557,tpicfordfg,Thor,Picford,tpicfordfg@cnbc.com,172 Truax Hill,Qinglin,38
558,hglydefh,Hadlee,Glyde,hglydefh@sun.com,06067 Mosinee Park,Aurelliana,68
559,jmcgaugheyfi,Julita,Mc Gaughey,jmcgaugheyfi@ifeng.com,30 4th Pass,Chejiazhuang,59
560,grobottomfj,Gerladina,Robottom,grobottomfj@flavors.me,7 Coleman Alley,Pokrzywnica,38
561,lkeetingfk,Logan,Keeting,lkeetingfk@fotki.com,5 Old Shore Court,Araraquara,64
562,cstraceyfl,Cleveland,Stracey,cstraceyfl@imgur.com,694 Sachs Terrace,Vinhedo,29
563,dbattfm,Deane,Batt,dbattfm@google.de,79 Stephen Plaza,Les Clayes-sous-Bois,65
564,nweltonfn,Nikkie,Welton,nweltonfn@springer.com,6 Crownhardt Place,Cabanas,62
565,kclimsonfo,Kassi,Climson,kclimsonfo@livejournal.com,534 Brentwood Trail,Wan’an,31
566,hwattinsfp,Hinze,Wattins,hwattinsfp@xinhuanet.com,892 Clarendon Court,Itapé,44
567,mfibbensfq,Margalit,Fibbens,mfibbensfq@webnode.com,37 Lerdahl Terrace,Ol Kalou,51
568,ccharkhamfr,Cori,Charkham,ccharkhamfr@epa.gov,26617 Russell Point,Mancilang,79
569,cbergetfs,Celestyn,Berget,cbergetfs@wufoo.com,0 Fisk Point,Loučovice,57
570,oconnochieft,Olivero,Connochie,oconnochieft@quantcast.com,6248 Sommers Street,Xialu,50
571,cbartholomieufu,Cassie,Bartholomieu,cbartholomieufu@dagondesign.com,6 Hintze Point,Yingdianjie,74
572,dfranceschellifv,Dian,Franceschelli,dfranceschellifv@squidoo.com,34697 Corry Plaza,Uglegorsk,87
573,dbeangefw,Doreen,Beange,dbeangefw@foxnews.com,7237 2nd Point,Margita,57
574,tantonatfx,Travers,Antonat,tantonatfx@newsvine.com,85841 Melrose Center,Kadyy,68
575,mfalcofy,Milzie,Falco,mfalcofy@parallels.com,8 Oneill Terrace,Umm Kaddadah,36
576,hvanyatinfz,Hansiain,Vanyatin,hvanyatinfz@marriott.com,851 Vahlen Hill,Ngkiong,34
577,bdriffillg0,Barrett,Driffill,bdriffillg0@wikimedia.org,33943 Elka Park,Velestíno,66
578,lkornyshevg1,Lauren,Kornyshev,lkornyshevg1@wikia.com,3 Miller Hill,Goussainville,70
579,dbenamg2,Dickie,Benam,dbenamg2@chronoengine.com,9 Prairie Rose Court,Horodnytsya,29
580,mpudseyg3,Myranda,Pudsey,mpudseyg3@mozilla.org,679 Red Cloud Hill,Bontang,39
581,gtuppg4,Gratiana,Tupp,gtuppg4@behance.net,1 Northridge Pass,Katsuta,90
582,tthunderchiefg5,Traci,Thunderchief,tthunderchiefg5@earthlink.net,0845 Calypso Drive,Phùng,29
583,cdomelawg6,Cassaundra,Domelaw,cdomelawg6@xinhuanet.com,033 Bartelt Lane,Anshun,30
584,jharrillg7,Josias,Harrill,jharrillg7@google.ca,88484 Shopko Lane,Ijuí,76
585,tswiffang8,Truda,Swiffan,tswiffang8@reverbnation.com,06 Ronald Regan Place,Tolú,24
586,dskilbeckg9,D'arcy,Skilbeck,dskilbeckg9@cloudflare.com,69486 Superior Park,Zuolan,35
587,gcarvilga,Gabriell,Carvil,gcarvilga@reference.com,642 Artisan Terrace,Liangnong,24
588,kcossingtongb,Kally,Cossington,kcossingtongb@statcounter.com,3987 Hagan Court,Oji River,40
589,phammantgc,Percy,Hammant,phammantgc@cyberchimps.com,6063 Transport Terrace,Montgomery,53
590,jtrelevangd,Jennette,Trelevan,jtrelevangd@bbb.org,3194 Butternut Place,Yuktae-dong,86
591,jdenyerge,Jorrie,Denyer,jdenyerge@businesswire.com,8 Saint Paul Trail,Båstad,40
592,eguitonneaugf,Elyn,Guitonneau,eguitonneaugf@zimbio.com,659 Luster Junction,Nanhuatang,21
593,gmurrthumgg,Gabby,Murrthum,gmurrthumgg@arstechnica.com,73 Doe Crossing Pass,Ciburial,40
594,jstorrargh,Josiah,Storrar,jstorrargh@myspace.com,56 Hagan Crossing,Malasugui,21
595,hshortgi,Hercule,Short,hshortgi@desdev.cn,516 Menomonie Lane,Barra de Carrasco,68
596,mdallygj,Muire,Dally,mdallygj@merriam-webster.com,278 Anhalt Road,Shkodër,63
597,qstirleygk,Quinton,Stirley,qstirleygk@gmpg.org,5046 Forest Place,Zuoxi,79
598,gmcphilemygl,Gar,McPhilemy,gmcphilemygl@rediff.com,144 John Wall Trail,Golem,42
599,mcharterisgm,Marsiella,Charteris,mcharterisgm@stanford.edu,70502 Eagan Trail,Ouijjane,86
600,eedelheidgn,Elisha,Edelheid,eedelheidgn@istockphoto.com,94330 Dovetail Point,Gejiu,90
601,clemmergo,Corbie,Lemmer,clemmergo@163.com,4 Memorial Circle,Xinhua,21
602,hetiennegp,Haze,Etienne,hetiennegp@dmoz.org,67288 Veith Parkway,Skellefteå,56
603,ehynegq,Ella,Hyne,ehynegq@sbwire.com,69828 Carey Avenue,Vyškov,37
604,mgricksgr,Maiga,Gricks,mgricksgr@canalblog.com,71903 Summerview Hill,Babice,32
605,ahawkegs,Abagael,Hawke,ahawkegs@a8.net,880 Sullivan Trail,Sumbermanggis,34
606,csuddockgt,Cristin,Suddock,csuddockgt@free.fr,0 Delladonna Terrace,Paringin,43
607,bwyergu,Benoit,Wyer,bwyergu@tamu.edu,6 Morning Crossing,Kashihara-shi,65
608,dgrantgv,Deerdre,Grant,dgrantgv@netvibes.com,982 Meadow Valley Point,Pervomays’ke,26
609,mburfittgw,Milzie,Burfitt,mburfittgw@examiner.com,96 Golf View Plaza,Zubtsov,58
610,wtroupgx,Willamina,Troup,wtroupgx@discovery.com,536 Farwell Avenue,Xibing,66
611,fpegggy,Faydra,Pegg,fpegggy@admin.ch,9 Dahle Drive,Florida,21
612,nsalmonsgz,Norrie,Salmons,nsalmonsgz@163.com,8721 Carioca Pass,Sokolovo,43
613,mjoselinh0,Magdalene,Joselin,mjoselinh0@acquirethisname.com,01 3rd Alley,Tworków,36
614,sdebruyneh1,Stern,De Bruyne,sdebruyneh1@skyrock.com,648 Farragut Trail,Tamuning-Tumon-Harmon Village,74
615,orantoulh2,Oby,Rantoul,orantoulh2@newsvine.com,620 Northridge Lane,Gbawe,89
616,ddoneh3,Darill,Done,ddoneh3@instagram.com,1488 Quincy Pass,Matatiele,25
617,sbrackenridgeh4,Sydney,Brackenridge,sbrackenridgeh4@wikimedia.org,14 Mayer Drive,Charlestown,89
618,odenseyh5,Odell,Densey,odenseyh5@who.int,83 Cambridge Hill,Gwangjeok,40
619,ppietruszkah6,Phillis,Pietruszka,ppietruszkah6@miitbeian.gov.cn,61 Milwaukee Terrace,Westonaria,47
620,dderobertoh7,Doris,De Roberto,dderobertoh7@posterous.com,0 Pleasure Avenue,Aozai,51
621,cscarseh8,Con,Scarse,cscarseh8@springer.com,8 Arkansas Junction,Przodkowo,51
622,fparsellh9,Fabio,Parsell,fparsellh9@washingtonpost.com,4 New Castle Junction,Lengshui,71
623,dbrettorha,Dennis,Brettor,dbrettorha@bigcartel.com,44 Golf Course Junction,Grootfontein,71
624,bseddonhb,Bastian,Seddon,bseddonhb@webmd.com,00 Hermina Crossing,Klyuchi,52
625,mmatteolihc,Marylynne,Matteoli,mmatteolihc@ucla.edu,257 Bay Hill,Yasugichō,88
626,bdixseehd,Barny,Dixsee,bdixseehd@globo.com,6662 Sutherland Street,Koufália,70
627,hounsworthhe,Harriet,Ounsworth,hounsworthhe@sakura.ne.jp,9474 Clarendon Center,Oroquieta,49
628,btomasicchiohf,Bart,Tomasicchio,btomasicchiohf@sfgate.com,3 Lillian Trail,Changning,24
629,cquickfallhg,Cyndia,Quickfall,cquickfallhg@walmart.com,09635 Del Mar Alley,Xihe,70
630,esimonittohh,Emalia,Simonitto,esimonittohh@wp.com,903 Di Loreto Center,Reshetnikovo,31
631,ldufaurhi,Lottie,Dufaur,ldufaurhi@a8.net,429 Farmco Crossing,Komga,80
632,shasleyhj,Sharona,Hasley,shasleyhj@mozilla.org,3 7th Lane,Borgarnes,42
633,mgallimorehk,Mei,Gallimore,mgallimorehk@usda.gov,3820 Esch Street,Kiritsy,21
634,oshurlockhl,Orelia,Shurlock,oshurlockhl@blogs.com,1286 Nancy Court,Rifu,56
635,bbousquethm,Brendon,Bousquet,bbousquethm@ask.com,9 Huxley Road,Mutum Biyu,58
636,bgumbrellhn,Britt,Gumbrell,bgumbrellhn@japanpost.jp,1 Jenifer Point,Gromadka,88
637,rbontoftho,Roxie,Bontoft,rbontoftho@cbc.ca,818 Susan Crossing,Biecz,41
638,avallintinehp,Anallise,Vallintine,avallintinehp@sun.com,2 East Pass,Dawuhan,38
639,lcathenodhq,Lyndy,Cathenod,lcathenodhq@weibo.com,36490 Weeping Birch Junction,Dongfanghong,38
640,abaddowhr,Allix,Baddow,abaddowhr@rambler.ru,91 Prairieview Parkway,Saba Yoi,81
641,chalvorsenhs,Courtnay,Halvorsen,chalvorsenhs@wired.com,13702 Scott Place,Alcanena,76
642,azamoranoht,Ailee,Zamorano,azamoranoht@wufoo.com,95 Moose Plaza,Luftinjë,26
643,pskoughmanhu,Paulita,Skoughman,pskoughmanhu@wisc.edu,20533 Dahle Lane,Tulle,70
644,ematveyevhv,Elbertina,Matveyev,ematveyevhv@un.org,53 Red Cloud Junction,Lalig,88
645,kgleavehw,Kitti,Gleave,kgleavehw@who.int,5 Summerview Parkway,Zhangtan,36
646,derikhx,Dallas,Erik,derikhx@hp.com,33664 Pond Avenue,Nilópolis,74
647,rkeemshy,Rachele,Keems,rkeemshy@cam.ac.uk,5082 Linden Junction,Kåge,43
648,gkulverhz,Glenna,Kulver,gkulverhz@forbes.com,9 Dahle Circle,Jalingo,34
649,eparffreyi0,Elihu,Parffrey,eparffreyi0@t-online.de,816 Merry Crossing,Paris 13,43
650,ntoyi1,Nerte,Toy,ntoyi1@elpais.com,4230 Service Pass,Parigi,74
651,mklasingi2,Murray,Klasing,mklasingi2@prnewswire.com,4958 Hoffman Place,Qal‘eh Ganj,23
652,djaimei3,Dominique,Jaime,djaimei3@stumbleupon.com,29 Johnson Terrace,Yidao,29
653,ahindgei4,Andromache,Hindge,ahindgei4@washingtonpost.com,66 Cambridge Court,Stockholm,63
654,bglenfieldi5,Bette,Glenfield,bglenfieldi5@npr.org,2 Delladonna Lane,Sagua la Grande,59
655,wchesteri6,Ware,Chester,wchesteri6@techcrunch.com,878 Karstens Crossing,San Juan,67
656,tmeringtoni7,Tannie,Merington,tmeringtoni7@uiuc.edu,42430 Green Lane,Kolape,85
657,rinmani8,Ruthie,Inman,rinmani8@51.la,3469 Drewry Way,Córdoba,83
658,alerveni9,Anneliese,Lerven,alerveni9@sfgate.com,94204 Fulton Pass,Santo Amador,54
659,bparkeria,Barrie,Parker,bparkeria@blogtalkradio.com,9 Dexter Junction,Araguaiana,75
660,slosebieib,Saba,Losebie,slosebieib@histats.com,9 Anderson Trail,Kablukan,23
661,jkimblyic,Janith,Kimbly,jkimblyic@plala.or.jp,5516 Tennyson Court,La Ensenada,26
662,lfortnamid,Lorianne,Fortnam,lfortnamid@usnews.com,89 Spohn Street,Nova Kakhovka,75
663,cdebiasioie,Catlaina,De Biasio,cdebiasioie@army.mil,496 Glendale Pass,Valencia,34
664,iforthif,Indira,Forth,iforthif@engadget.com,21 Roxbury Crossing,Pitangui,62
665,lwakeleyig,Lu,Wakeley,lwakeleyig@ibm.com,42 Arizona Point,Ho,75
666,hingleseih,Humphrey,Inglese,hingleseih@pcworld.com,781 Iowa Pass,Batang,76
667,bphippii,Brose,Phipp,bphippii@opensource.org,94105 Blue Bill Park Parkway,Villanueva,49
668,eflecknoij,Erny,Fleckno,eflecknoij@hibu.com,599 Monica Hill,Hřebeč,80
669,vrohlfik,Valma,Rohlf,vrohlfik@mac.com,87 Kensington Alley,Ar Raqqah,40
670,edellortoil,Emmalynn,Dell 'Orto,edellortoil@123-reg.co.uk,77868 2nd Lane,Shaozhai,89
671,lewestaceim,Leanora,Ewestace,lewestaceim@bigcartel.com,654 Bartelt Alley,Las Vegas,33
672,evolkerin,Elvin,Volker,evolkerin@icq.com,2 Raven Court,Siqian,70
673,jmayoralio,Jilli,Mayoral,jmayoralio@vinaora.com,71 Waubesa Circle,Tungi,49
674,dmarquesip,Devy,Marques,dmarquesip@issuu.com,25 Debra Center,Baun,66
675,edugdaleiq,Earvin,Dugdale,edugdaleiq@shop-pro.jp,6113 Lyons Park,Tabio,23
676,ktoyneir,Kippy,Toyne,ktoyneir@netlog.com,82011 Marquette Street,Tuba,63
677,cmattosoffis,Claiborn,Mattosoff,cmattosoffis@example.com,82 East Court,Vysotskoye,60
678,bjossumit,Betty,Jossum,bjossumit@foxnews.com,186 Sunfield Way,Ganyan,81
679,ebansteadiu,Eward,Banstead,ebansteadiu@earthlink.net,81 Larry Road,Venado Tuerto,61
680,pchilesiv,Papageno,Chiles,pchilesiv@xing.com,56 Novick Plaza,Dandai,67
681,btreheriw,Bonnie,Treher,btreheriw@123-reg.co.uk,142 Clarendon Pass,Krasnogorskiy,36
682,mmccagueix,Monte,McCague,mmccagueix@oakley.com,90186 Kim Plaza,Xilai,80
683,gkortingiy,Gina,Korting,gkortingiy@booking.com,9 Clemons Avenue,Korkino,51
684,gdowdeniz,Ginni,Dowden,gdowdeniz@godaddy.com,625 Butterfield Junction,Shaogongzhuang,39
685,wdeardsj0,Winny,Deards,wdeardsj0@discuz.net,48313 Colorado Court,Otaniemi,76
686,hgabottij1,Hannis,Gabotti,hgabottij1@dell.com,7 Pepper Wood Street,Ouijjane,32
687,dcunnellj2,Dael,Cunnell,dcunnellj2@liveinternet.ru,20 Monica Parkway,Vitoria-Gasteiz,77
688,ycarekj3,Yehudit,Carek,ycarekj3@canalblog.com,36726 Manitowish Street,Nabeul,62
689,ibridgettj4,Ike,Bridgett,ibridgettj4@google.fr,9 Raven Terrace,Malakhovka,23
690,pmaceurj5,Pietro,Maceur,pmaceurj5@joomla.org,0961 Kim Pass,Saint Louis,76
691,bgouldstrawj6,Blaine,Gouldstraw,bgouldstrawj6@t.co,3875 Blaine Terrace,Tangjin,46
692,cdriscollj7,Carmella,Driscoll,cdriscollj7@cmu.edu,3 Caliangt Pass,Örnsköldsvik,83
693,btheurerj8,Bernadine,Theurer,btheurerj8@tuttocitta.it,41969 Pepper Wood Crossing,Cikubang,78
694,dstrawbridgej9,Donaugh,Strawbridge,dstrawbridgej9@blogspot.com,8 Comanche Way,Sūrāb,59
695,gscrannyja,Gayle,Scranny,gscrannyja@yelp.com,517 Huxley Crossing,Mekele,50
696,oabdeyjb,Olly,Abdey,oabdeyjb@columbia.edu,0189 Arrowood Avenue,Mauren,70
697,gjoseffjc,Garvy,Joseff,gjoseffjc@jiathis.com,71710 Kenwood Road,Xuedian,55
698,fchampkinjd,Franky,Champkin,fchampkinjd@nyu.edu,556 Bluestem Plaza,Midland,46
699,pmcallisterje,Peyter,McAllister,pmcallisterje@utexas.edu,85 Florence Lane,Malinao,35
700,nrodingerjf,Neely,Rodinger,nrodingerjf@mlb.com,8409 Pleasure Terrace,Santa Nino,65
701,efaithornjg,Ellis,Faithorn,efaithornjg@sakura.ne.jp,63 Hermina Plaza,Wairinding,51
702,nlosselyongjh,Nicola,Losselyong,nlosselyongjh@hp.com,57 Loftsgordon Circle,Xinquan,63
703,jgawji,Janean,Gaw,jgawji@blogtalkradio.com,06 Westridge Alley,Kaédi,25
704,reccottjj,Rozalin,Eccott,reccottjj@twitpic.com,4 Truax Center,Mao’ershan,60
705,bsherbornejk,Bianca,Sherborne,bsherbornejk@wisc.edu,5 Village Green Trail,Xiheshan,86
706,wbeartjl,Waldemar,Beart,wbeartjl@hc360.com,83219 Melrose Drive,Vila Franca,67
707,rscneiderjm,Royal,Scneider,rscneiderjm@myspace.com,605 Warrior Plaza,Lingbei,65
708,aseilmannjn,Aristotle,Seilmann,aseilmannjn@umich.edu,04 Jenna Hill,Pato-o,61
709,odinwoodiejo,Ozzy,Dinwoodie,odinwoodiejo@uol.com.br,3252 Stone Corner Terrace,Orós,22
710,hroddyjp,Holli,Roddy,hroddyjp@baidu.com,688 Mayfield Drive,Ivouani,65
711,lhillettjq,Lynnea,Hillett,lhillettjq@desdev.cn,4 Twin Pines Plaza,Santo Domingo,39
712,watkinsonjr,Warden,Atkinson,watkinsonjr@eventbrite.com,0 Hintze Center,Konyshevka,49
713,jcallicottjs,Juliann,Callicott,jcallicottjs@gmpg.org,7824 Mallard Crossing,Yacuíba,66
714,nrablanjt,Neville,Rablan,nrablanjt@mit.edu,873 Sachs Drive,Pasadena,35
715,gdambrosioju,Gale,D'Ambrosio,gdambrosioju@foxnews.com,9 Acker Center,Bissen,20
716,hlisciardellijv,Hettie,Lisciardelli,hlisciardellijv@census.gov,9 Manley Circle,Sidareja,58
717,cprottjw,Cam,Prott,cprottjw@mlb.com,3 Doe Crossing Alley,Weiyang,48
718,rblestjx,Royal,Blest,rblestjx@va.gov,9 5th Park,Kōfu-shi,28
719,ascallyjy,Alleen,Scally,ascallyjy@timesonline.co.uk,53384 Bayside Center,Vostochnyy,76
720,mhurdwelljz,Muriel,Hurdwell,mhurdwelljz@china.com.cn,63 Harbort Plaza,Maonon,36
721,klonsdalek0,Kevin,Lonsdale,klonsdalek0@columbia.edu,01940 Homewood Hill,Susapaya,62
722,vadamowiczk1,Valdemar,Adamowicz,vadamowiczk1@tiny.cc,428 Mockingbird Point,Kasamwa,43
723,fdeclercqk2,Fransisco,de Clercq,fdeclercqk2@army.mil,952 Hovde Hill,Steinkjer,73
724,nmackneyk3,Noach,Mackney,nmackneyk3@nydailynews.com,0 Pierstorff Pass,Lisiy Nos,48
725,efeyek4,Edin,Feye,efeyek4@prnewswire.com,0 Shoshone Terrace,Itabaiana,76
726,scurnowk5,Sholom,Curnow,scurnowk5@narod.ru,17082 Columbus Lane,Trollhättan,65
727,pwindeattk6,Pennie,Windeatt,pwindeattk6@deliciousdays.com,4418 Donald Junction,Norrköping,86
728,cmountaink7,Ciel,Mountain,cmountaink7@google.pl,952 Bartillon Place,Venâncio Aires,58
729,ltabordk8,Loy,Tabord,ltabordk8@cargocollective.com,81089 Anthes Parkway,Turośń Kościelna,52
730,achaineyk9,Arlen,Chainey,achaineyk9@nydailynews.com,33451 Menomonie Crossing,Yasinya,42
731,mgoldbyka,Monique,Goldby,mgoldbyka@edublogs.org,5 Spohn Alley,Timurjaya,35
732,bduddellkb,Brose,Duddell,bduddellkb@hud.gov,4 Forest Dale Hill,Pinrang,27
733,efennerskc,Elmer,Fenners,efennerskc@mediafire.com,6620 Starling Crossing,Tandayag,38
734,kschafflerkd,Katleen,Schaffler,kschafflerkd@irs.gov,8 Ronald Regan Parkway,Dizhai,42
735,czecchiike,Caron,Zecchii,czecchiike@howstuffworks.com,76 Village Green Junction,Godziszów Pierwszy,69
736,bkaysorkf,Beulah,Kaysor,bkaysorkf@dailymail.co.uk,38 Thackeray Street,Heihe,69
737,eduffieldkg,Elianore,Duffield,eduffieldkg@patch.com,40387 Maywood Drive,Fafe,79
738,lbrumenkh,Lorianna,Brumen,lbrumenkh@sciencedaily.com,0346 Farragut Trail,Ribeira,53
739,cchardinki,Claudetta,Chardin,cchardinki@mtv.com,9 Walton Trail,Basar,54
740,rwestrawkj,Rosana,Westraw,rwestrawkj@scribd.com,564 Commercial Drive,Budta,80
741,ogoscombkk,Oralee,Goscomb,ogoscombkk@51.la,36288 Basil Center,Aroroy,41
742,lholdallkl,Lazar,Holdall,lholdallkl@privacy.gov.au,6 Basil Place,Daluo,40
743,ccucheykm,Carita,Cuchey,ccucheykm@tripadvisor.com,42006 Schiller Circle,Lemende,56
744,mmeritkn,Marmaduke,Merit,mmeritkn@nydailynews.com,10513 Graceland Way,Faranah,64
745,hnavanko,Hubey,Navan,hnavanko@about.com,39 Moulton Place,Dasi,82
746,ecaswillkp,Eugenie,Caswill,ecaswillkp@yahoo.com,7368 Banding Park,Voi,76
747,chatterslaykq,Caddric,Hatterslay,chatterslaykq@skyrock.com,23730 Northland Way,Stavanger,64
748,ebilfootkr,Eydie,Bilfoot,ebilfootkr@uiuc.edu,93290 Green Place,Takai,20
749,dduckhouseks,Drucie,Duckhouse,dduckhouseks@google.de,6 Mifflin Terrace,Paizhou,50
750,frichelkt,Faustina,Richel,frichelkt@github.io,93 Shasta Park,Banjar Kawan,68
751,rthonku,Rochella,Thon,rthonku@wix.com,8016 Oxford Alley,Mstów,76
752,fdietmarkv,Francine,Dietmar,fdietmarkv@theguardian.com,29 Schiller Street,Kumanovo,74
753,ljacquotkw,Llywellyn,Jacquot,ljacquotkw@studiopress.com,57 Washington Hill,Quillo,39
754,ahainkx,Allianora,Hain,ahainkx@cnet.com,57 Vidon Drive,Krajan Gajahmati,74
755,cbartoszewskiky,Cris,Bartoszewski,cbartoszewskiky@webs.com,00 Hintze Way,Conchagua,73
756,mdillowkz,Mil,Dillow,mdillowkz@mtv.com,4395 Hermina Park,Changxingbao,36
757,zyakuntsovl0,Zarah,Yakuntsov,zyakuntsovl0@biglobe.ne.jp,6 Red Cloud Place,Castries,37
758,flocknerl1,Ford,Lockner,flocknerl1@usatoday.com,0639 Glacier Hill Crossing,Zawichost,81
759,tpatenl2,Terri-jo,Paten,tpatenl2@marketwatch.com,8 Crowley Parkway,Jinchuan,35
760,gcarol3,Gram,Caro,gcarol3@delicious.com,06 Roxbury Place,Pakkat,31
761,tleatherl4,Tony,Leather,tleatherl4@feedburner.com,8 Cardinal Alley,San José de Miranda,37
762,wgrimmolbyl5,Wynne,Grimmolby,wgrimmolbyl5@quantcast.com,0 Emmet Road,Kalinovskaya,73
763,ddeloozel6,Danice,Delooze,ddeloozel6@dailymail.co.uk,041 Harper Terrace,Vrané nad Vltavou,75
764,achadwenl7,Alanson,Chadwen,achadwenl7@geocities.jp,5935 Artisan Hill,Maoshan,42
765,emclugishl8,Esteban,McLugish,emclugishl8@deliciousdays.com,4602 Rigney Terrace,Rivne,89
766,wtrewl9,Warde,Trew,wtrewl9@clickbank.net,5707 Pankratz Plaza,Coronel Belisle,46
767,eskellenla,Elly,Skellen,eskellenla@whitehouse.gov,09602 Ridge Oak Terrace,Caringin Lor,83
768,amaseyklb,Adella,Maseyk,amaseyklb@ftc.gov,15 Park Meadow Way,Cabriz,56
769,nosbournelc,Noemi,Osbourne,nosbournelc@shop-pro.jp,4 Scott Junction,Kugluktuk,35
770,rslateld,Randy,Slate,rslateld@ycombinator.com,4 Sachs Street,Vranisht,54
771,churlestonle,Cam,Hurleston,churlestonle@smh.com.au,1127 Morrow Drive,Klau,26
772,mbolelf,Mason,Bole,mbolelf@umich.edu,7873 Morningstar Alley,Jiangtun,64
773,dcarloslg,Debee,Carlos,dcarloslg@ucoz.com,0 Village Center,Songlong,20
774,acastigliolh,Annissa,Castiglio,acastigliolh@geocities.jp,1 Orin Way,Argostólion,90
775,rbrogginili,Red,Broggini,rbrogginili@blog.com,07483 Montana Hill,Duiwelskloof,34
776,kbernardinellilj,Karlie,Bernardinelli,kbernardinellilj@quantcast.com,930 8th Crossing,Dizhai,80
777,bchatterslk,Benita,Chatters,bchatterslk@stumbleupon.com,17721 Declaration Hill,Santa Teresa,46
778,idimentll,Iseabal,Diment,idimentll@sina.com.cn,176 Evergreen Crossing,Zadawa,82
779,mrawcliffelm,Marven,Rawcliffe,mrawcliffelm@plala.or.jp,0379 Prairieview Avenue,Cerro Azul,77
780,ulambartonln,Urbain,Lambarton,ulambartonln@bbc.co.uk,756 Ronald Regan Plaza,Sewon,78
781,amiettinenlo,Annadiana,Miettinen,amiettinenlo@cpanel.net,7832 Farwell Pass,Gunungsari,56
782,pcaudelllp,Prince,Caudell,pcaudelllp@usda.gov,7228 Mesta Junction,Huanglian,28
783,dscophamlq,Donnell,Scopham,dscophamlq@e-recht24.de,431 Boyd Place,Binangun,28
784,jhaggathlr,Joshia,Haggath,jhaggathlr@thetimes.co.uk,588 Packers Center,Igede-Ekiti,81
785,bchafferls,Butch,Chaffer,bchafferls@marketwatch.com,2590 Farragut Center,Massaguet,69
786,rprintlt,Rhea,Print,rprintlt@flavors.me,367 Aberg Drive,Sukamaju,43
787,zaddylu,Zane,Addy,zaddylu@github.com,926 Clove Lane,Góra,54
788,mweatherheadlv,Maurise,Weatherhead,mweatherheadlv@yandex.ru,95 Ridgeview Street,Bayan Tuohai,36
789,pbiermatowiczlw,Pauli,Biermatowicz,pbiermatowiczlw@nyu.edu,622 Kinsman Pass,Pasirnangka,70
790,lizhakovlx,Lillian,Izhakov,lizhakovlx@princeton.edu,2896 Briar Crest Terrace,De la Paz,73
791,caberkirdoly,Cart,Aberkirdo,caberkirdoly@theatlantic.com,47 Rutledge Circle,Louisville,28
792,pgerbellz,Phedra,Gerbel,pgerbellz@paginegialle.it,4 Mitchell Hill,Senhor da Serra,22
793,emadgem0,Estrella,Madge,emadgem0@infoseek.co.jp,1 Valley Edge Plaza,Trà My,56
794,bdunnionm1,Borg,Dunnion,bdunnionm1@163.com,56462 Green Ridge Pass,Posadas,90
795,pmanesm2,Piper,Manes,pmanesm2@domainmarket.com,662 Ramsey Trail,Puno,59
796,csilberm3,Clayborne,Silber,csilberm3@paginegialle.it,7805 Village Place,Frýdlant,28
797,mmichelmorem4,Modestia,Michelmore,mmichelmorem4@ifeng.com,52447 Cambridge Road,Siluko,84
798,cshearsbym5,Corbet,Shearsby,cshearsbym5@arstechnica.com,48026 Meadow Vale Court,Malawag,23
799,lbozwardm6,Lia,Bozward,lbozwardm6@hugedomains.com,44 Colorado Center,Aiánteio,49
800,cmacuram7,Curtis,Macura,cmacuram7@miibeian.gov.cn,934 Erie Circle,Telukpakedai,44
801,pgregorm8,Parnell,Gregor,pgregorm8@biblegateway.com,3259 Stephen Parkway,Yumendong,49
802,pvasentsovm9,Pieter,Vasentsov,pvasentsovm9@slashdot.org,447 Claremont Center,Bente,35
803,jfigginsma,Judith,Figgins,jfigginsma@imageshack.us,3101 Melby Place,Sremčica,43
804,ttownsmb,Tamra,Towns,ttownsmb@chron.com,31824 Anhalt Center,Otradnoye,70
805,bpowermc,Burr,Power,bpowermc@techcrunch.com,9730 Leroy Terrace,Wonokerso,40
806,bvakhrushevmd,Brandy,Vakhrushev,bvakhrushevmd@epa.gov,3 Chinook Road,Sarykemer,34
807,chazzardme,Cherianne,Hazzard,chazzardme@networksolutions.com,10 Claremont Drive,Miyazu,54
808,lhanscombemf,Llywellyn,Hanscombe,lhanscombemf@wordpress.org,91 Green Parkway,Fargo,52
809,mpurcermg,Murial,Purcer,mpurcermg@whitehouse.gov,420 Schiller Plaza,Dalamdesa Kalapadua,84
810,wbroadwellmh,Winthrop,Broadwell,wbroadwellmh@1688.com,9 Canary Alley,Centralniy,49
811,ebellellimi,Ernie,Bellelli,ebellellimi@delicious.com,292 Logan Street,Kebonsari,58
812,kmitkcovmj,Kelbee,Mitkcov,kmitkcovmj@amazonaws.com,97530 Kennedy Drive,Lom Sak,65
813,jsprostonmk,Jenda,Sproston,jsprostonmk@cmu.edu,91 Northview Court,Becerril,83
814,jmalleyml,Jan,Malley,jmalleyml@dmoz.org,57 Quincy Way,Ancona,73
815,lnaptinmm,Lynnea,Naptin,lnaptinmm@mit.edu,08 Prairieview Road,Boca de Uchire,62
816,dmessagermn,Derron,Messager,dmessagermn@last.fm,83 Sugar Pass,Lashma,29
817,ellewellinmo,Errol,Llewellin,ellewellinmo@blogtalkradio.com,46 Vernon Center,Luyi,63
818,kbullochmp,Kellia,Bulloch,kbullochmp@biglobe.ne.jp,5378 Sundown Terrace,Le Chambon-Feugerolles,67
819,cblaydmq,Charlton,Blayd,cblaydmq@shareasale.com,7675 Cherokee Way,Xin Bulag,30
820,jmcgraemr,Jewelle,McGrae,jmcgraemr@ucoz.ru,7508 Schiller Way,Kota Kinabalu,60
821,mseams,Maximilien,Sea,mseams@wordpress.org,3 Sutherland Court,Radom,72
822,ktatlowmt,Kristian,Tatlow,ktatlowmt@cargocollective.com,00959 Dwight Terrace,Zhukovo,54
823,coldammu,Carroll,Oldam,coldammu@prweb.com,02864 Stoughton Plaza,Tonj,40
824,lantonomolimv,Lark,Antonomoli,lantonomolimv@acquirethisname.com,97 Cottonwood Avenue,Brandýs nad Labem-Stará Boleslav,62
825,loskehanmw,Louis,O'Skehan,loskehanmw@biblegateway.com,93 Goodland Hill,Songnan,51
826,dclacsonmx,Denny,Clacson,dclacsonmx@google.ru,86 Welch Court,Renfrew,44
827,fmckimmmy,Frederich,McKimm,fmckimmmy@uiuc.edu,821 Magdeline Pass,Guohe,82
828,rgiorgionimz,Rora,Giorgioni,rgiorgionimz@japanpost.jp,88809 Merrick Court,Vilarinho da Castanheira,37
829,sclifforthn0,Salome,Clifforth,sclifforthn0@stanford.edu,50 Manitowish Alley,Zhongzuiling,64
830,cazemarn1,Cyndy,Azemar,cazemarn1@chronoengine.com,157 Vermont Lane,Wuxi,47
831,qwoodwardn2,Quint,Woodward,qwoodwardn2@google.co.jp,04278 Norway Maple Road,Ténenkou,86
832,hclewleyn3,Heda,Clewley,hclewleyn3@wunderground.com,10977 Grayhawk Street,Sūq Sibāḩ,38
833,hewertn4,Hermon,Ewert,hewertn4@typepad.com,7473 Dryden Circle,Pasirlimus,46
834,ocornboroughn5,Oralia,Cornborough,ocornboroughn5@tinypic.com,02837 Tennyson Drive,Maglaj,29
835,aswitlandn6,Aldwin,Switland,aswitlandn6@php.net,3 Redwing Way,Yuejin,58
836,kposenn7,Kellsie,Posen,kposenn7@delicious.com,4395 Hallows Court,Aiánteio,69
837,bfishendenn8,Bradly,Fishenden,bfishendenn8@macromedia.com,97573 Canary Place,Glamoč,20
838,nhentzern9,Northrup,Hentzer,nhentzern9@squidoo.com,54 Westend Center,Kandangsapi,32
839,eberna,Elisa,Ber,eberna@taobao.com,56 Ridgeview Terrace,Aengceleng,82
840,obrunsdennb,Onida,Brunsden,obrunsdennb@rediff.com,81 Michigan Junction,Spas-Zaulok,70
841,igliddennc,Ilene,Glidden,igliddennc@studiopress.com,8 Ilene Lane,Pontivy,83
842,spohlkend,Sheffie,Pohlke,spohlkend@cpanel.net,07973 Portage Pass,Olenyok,39
843,lpoulsumne,Lucais,Poulsum,lpoulsumne@dropbox.com,68963 Arrowood Avenue,Mikhaylov,90
844,dzelnernf,Dael,Zelner,dzelnernf@sogou.com,00422 Sherman Street,Concepción de La Vega,46
845,knovillng,Kandy,Novill,knovillng@cmu.edu,67 Killdeer Junction,Santa María del Real,50
846,sduckitnh,Stevy,Duckit,sduckitnh@ustream.tv,201 Eagan Pass,El Pardo,76
847,fbyasni,Flem,Byas,fbyasni@clickbank.net,3 Declaration Place,Dikson,43
848,eharbinsonnj,Elna,Harbinson,eharbinsonnj@reddit.com,362 Eastwood Place,Maguan,37
849,abromidgenk,Anne-marie,Bromidge,abromidgenk@digg.com,5 Scott Drive,Bartošovice,44
850,labdeynl,Laughton,Abdey,labdeynl@pcworld.com,77243 Garrison Street,Xinshi,71
851,afarthinnm,Adolph,Farthin,afarthinnm@japanpost.jp,0812 Fair Oaks Street,Oehaunu,82
852,nelwelnn,Nolly,Elwel,nelwelnn@go.com,99 Huxley Street,Haiyan,88
853,ftymno,Francois,Tym,ftymno@illinois.edu,293 Grasskamp Circle,Sangat,73
854,cbifordnp,Cord,Biford,cbifordnp@bloglines.com,1740 Elka Alley,Nedašov,68
855,agwatkinsnq,Aubry,Gwatkins,agwatkinsnq@mashable.com,39 Crescent Oaks Terrace,Martapura,62
856,emerklenr,Ermentrude,Merkle,emerklenr@phoca.cz,084 Stephen Crossing,Rawaapu,87
857,pbigginsns,Paulita,Biggins,pbigginsns@flickr.com,1 Milwaukee Center,Caldono,68
858,cmackeevernt,Cheryl,MacKeever,cmackeevernt@histats.com,1455 Bluestem Lane,Setúbal,54
859,blavallnu,Barrie,Lavall,blavallnu@mtv.com,22088 Harbort Way,Kloangpopot,70
860,kjopenv,Koralle,Jope,kjopenv@army.mil,9396 Lighthouse Bay Terrace,Madalena,52
861,sbenyonnw,Shermy,Benyon,sbenyonnw@cisco.com,8658 Stuart Way,El Tambo,27
862,adownx,Ameline,Dow,adownx@wikipedia.org,0 Sunbrook Parkway,Unaizah,71
863,echessny,Eben,Chess,echessny@seesaa.net,52889 Bunting Plaza,Lanpelan,37
864,jhudelnz,Jo ann,Hudel,jhudelnz@cmu.edu,309 Red Cloud Trail,Firmat,40
865,bsaladineo0,Bartholemy,Saladine,bsaladineo0@tinyurl.com,4 Ryan Pass,Kaolack,31
866,mwontnero1,Merwin,Wontner,mwontnero1@uiuc.edu,99 Everett Crossing,Cajamarca,36
867,adeusso2,Annis,Deuss,adeusso2@weather.com,53 Drewry Crossing,Opochka,59
868,fmckmurrieo3,Frasquito,McKmurrie,fmckmurrieo3@live.com,127 Holmberg Junction,Piątnica,81
869,smonko4,Shani,Monk,smonko4@usgs.gov,35 Johnson Trail,Gandajika,69
870,fbruhnickeo5,Fonsie,Bruhnicke,fbruhnickeo5@php.net,528 Towne Hill,Getafe,21
871,ibonnero6,Isidoro,Bonner,ibonnero6@purevolume.com,29 Hagan Park,Pilcuyo,49
872,acopelando7,Arluene,Copeland,acopelando7@ox.ac.uk,25 Debs Road,Marshintsy,47
873,nwaudbyo8,Nancee,Waudby,nwaudbyo8@walmart.com,43291 Southridge Street,Nice,74
874,cclemenseno9,Casper,Clemensen,cclemenseno9@marriott.com,29347 Melby Crossing,Paço de Arcos,56
875,cprendergrassoa,Cyb,Prendergrass,cprendergrassoa@topsy.com,15623 Eastwood Trail,Shuangyang,25
876,mtrevonob,Merle,Trevon,mtrevonob@a8.net,58077 Sachs Plaza,Baabda,52
877,rbaseroc,Ruy,Baser,rbaseroc@woothemes.com,947 Stang Trail,Conception Bay South,21
878,rmenatod,Ralph,Menat,rmenatod@berkeley.edu,9883 Surrey Junction,Nihaona,23
879,llovartoe,Linnell,Lovart,llovartoe@booking.com,57049 Bellgrove Way,Wijewo,46
880,vcullingworthof,Vania,Cullingworth,vcullingworthof@trellian.com,8734 Green Ridge Hill,Sindang,52
881,zdwelleyog,Zoe,Dwelley,zdwelleyog@com.com,200 Forest Dale Alley,Fatikchari,42
882,dbeveridgeoh,Dore,Beveridge,dbeveridgeoh@hibu.com,44 Butterfield Parkway,Cambebba,73
883,omccrossanoi,Orlan,McCrossan,omccrossanoi@cbc.ca,0 Delaware Street,Pinghu,42
884,sdambrogiooj,Shurlock,D'Ambrogio,sdambrogiooj@yolasite.com,61731 Petterle Crossing,Kadumelati,21
885,mdraynok,Myrna,Drayn,mdraynok@house.gov,77 Texas Junction,Fengyang Fuchengzhen,63
886,tsagarol,Terrie,Sagar,tsagarol@hexun.com,755 Shelley Court,San Andres,20
887,ckantorom,Correy,Kantor,ckantorom@foxnews.com,90 Grim Junction,Dasuhe,54
888,pbruckenton,Pia,Bruckent,pbruckenton@cbslocal.com,1680 Kim Trail,Allealle,90
889,mraysdaleoo,Madella,Raysdale,mraysdaleoo@bbb.org,7 Nancy Alley,Kristianstad,71
890,ubanesop,Ulick,Banes,ubanesop@odnoklassniki.ru,9 Gulseth Point,Sujiatun,34
891,dnajaraoq,Debby,Najara,dnajaraoq@ebay.com,6 Hoard Crossing,Cincinnati,70
892,kfazakerleyor,Karil,Fazakerley,kfazakerleyor@accuweather.com,62 Division Alley,Maronge,56
893,amingauldos,Ardyce,Mingauld,amingauldos@deviantart.com,89 Gateway Drive,Rossosh’,51
894,tsansomeot,Talya,Sansome,tsansomeot@yellowbook.com,0745 Magdeline Parkway,Bochov,37
895,rcockrellou,Roderick,Cockrell,rcockrellou@seesaa.net,6 Esch Place,Embajador Martini,89
896,ofonzoneov,Olympe,Fonzone,ofonzoneov@tmall.com,28119 Sugar Lane,Cililitan,79
897,cinderwickow,Corrine,Inderwick,cinderwickow@google.nl,99138 Twin Pines Pass,Longqiao,60
898,kdewesox,Kit,Dewes,kdewesox@state.tx.us,842 Straubel Avenue,Aguas Verdes,28
899,awakleyoy,Anya,Wakley,awakleyoy@goo.gl,7807 Fieldstone Alley,La Virginia,43
900,kkarpfenoz,Kassey,Karpfen,kkarpfenoz@google.es,8 Kipling Terrace,Hafnarfjörður,21
901,ckauscherp0,Catherin,Kauscher,ckauscherp0@bloglines.com,12 Bay Road,Rogowo,62
902,jbrunelp1,Jolee,Brunel,jbrunelp1@who.int,35 Lake View Road,Terezín,33
903,loliddyp2,Leupold,O' Liddy,loliddyp2@ed.gov,15 Tomscot Parkway,Gonghe,57
904,jsiburnp3,Jessica,Siburn,jsiburnp3@flavors.me,85919 John Wall Lane,Choma,62
905,wcolegatep4,Willey,Colegate,wcolegatep4@ca.gov,9715 Dawn Lane,Messina,42
906,mglaump5,Matilde,Glaum,mglaump5@freewebs.com,9 Nova Place,Banjar Bali,56
907,mbrendishp6,Mercie,Brendish,mbrendishp6@redcross.org,43867 Garrison Point,Alanga,50
908,kfiorentinop7,Kendal,Fiorentino,kfiorentinop7@fema.gov,95 Merry Plaza,Luts’k,79
909,treveningp8,Tore,Revening,treveningp8@over-blog.com,91395 Toban Terrace,Batusangkar,83
910,sripponp9,Susanne,Rippon,sripponp9@hostgator.com,08358 Pine View Parkway,Kranjska Gora,72
911,fheritypa,Fernanda,Herity,fheritypa@guardian.co.uk,0 Di Loreto Pass,Nancy,33
912,ycathraepb,Yvor,Cathrae,ycathraepb@usnews.com,309 Judy Terrace,Kveda Chkhorots’q’u,37
913,bsharppc,Bob,Sharp,bsharppc@google.ru,8310 Shopko Point,Waso,56
914,mtrunbypd,Muhammad,Trunby,mtrunbypd@yale.edu,30948 Bultman Road,Guantánamo,21
915,basgodbype,Blaine,Asgodby,basgodbype@wired.com,78 Fisk Terrace,Estefania,57
916,ncotterillpf,Nettie,Cotterill,ncotterillpf@pcworld.com,951 Holmberg Drive,Jiaocheng,69
917,cflewettpg,Carmencita,Flewett,cflewettpg@spiegel.de,232 Fair Oaks Parkway,Orlândia,20
918,asterleyph,Arabelle,Sterley,asterleyph@godaddy.com,6 Center Street,Madette,90
919,aklamptpi,Angelina,Klampt,aklamptpi@unblog.fr,1993 Hintze Terrace,Zhuyu,26
920,gderuggeropj,Gabe,De Ruggero,gderuggeropj@oakley.com,25346 Kenwood Avenue,Cucutilla,79
921,awebbbowenpk,Angel,Webb-Bowen,awebbbowenpk@tamu.edu,4 South Junction,Matahuasi,43
922,dmonkmanpl,Delano,Monkman,dmonkmanpl@howstuffworks.com,69 Arizona Point,Sanquan,90
923,jmingopm,Janeta,Mingo,jmingopm@intel.com,6 Parkside Park,Biltine,31
924,rpellpn,Rozanne,Pell,rpellpn@pbs.org,6790 Erie Avenue,La Unión,55
925,bgerrietzpo,Brien,Gerrietz,bgerrietzpo@plala.or.jp,290 Brentwood Pass,La Roche-sur-Yon,25
926,imerritonpp,Isa,Merriton,imerritonpp@posterous.com,3 Artisan Park,Muliang,60
927,gmcgoochpq,Guthry,McGooch,gmcgoochpq@ca.gov,4 School Parkway,Norfolk,59
928,jvanbruggenpr,Jasmina,Van Bruggen,jvanbruggenpr@cam.ac.uk,16 Westend Hill,São Domingos de Rana,56
929,ckingsnoadps,Chet,Kingsnoad,ckingsnoadps@bing.com,4941 Lake View Circle,Bagrāmī,60
930,ymurkinpt,Yehudi,Murkin,ymurkinpt@whitehouse.gov,2149 Welch Court,Şirvan,60
931,dlafflinpu,Druci,Lafflin,dlafflinpu@e-recht24.de,0410 Dunning Junction,Montes,48
932,kgairpv,Kristian,Gair,kgairpv@sourceforge.net,40480 Morningstar Parkway,Gharyan,83
933,tnernpw,Thacher,Nern,tnernpw@biglobe.ne.jp,61 Lake View Park,Bremerhaven,87
934,jwankelpx,Jayme,Wankel,jwankelpx@wsj.com,62017 Ilene Center,Kastsyukovichy,80
935,xolivaspy,Ximenes,Olivas,xolivaspy@mashable.com,221 Hanover Drive,Pervoavgustovskiy,82
936,bfrossellpz,Bryant,Frossell,bfrossellpz@merriam-webster.com,719 Hudson Alley,Binjai,25
937,emardlinq0,Edd,Mardlin,emardlinq0@usatoday.com,63284 Crest Line Crossing,Pleszew,36
938,cklaffq1,Conan,Klaff,cklaffq1@hexun.com,149 Kedzie Circle,Mihara,29
939,alemerieq2,Arluene,Lemerie,alemerieq2@godaddy.com,3 Porter Parkway,Abbotsford,49
940,dchatenetq3,Danila,Chatenet,dchatenetq3@paypal.com,4632 Alpine Alley,Kamen’-na-Obi,46
941,kscotterq4,Kimball,Scotter,kscotterq4@networksolutions.com,2681 Lotheville Alley,Krajan Tambakrejo,75
942,rmacaindreisq5,Rossie,MacAindreis,rmacaindreisq5@canalblog.com,7 Coolidge Junction,Ueno,66
943,csaladinoq6,Christye,Saladino,csaladinoq6@skype.com,71197 Granby Junction,Cabaiguán,69
944,gskiplorneq7,Garland,Skiplorne,gskiplorneq7@meetup.com,89217 Rockefeller Pass,Andorinha,70
945,elorentq8,Elmira,Lorent,elorentq8@google.es,7684 Mallard Alley,Pajala,70
946,mbleasdaleq9,Monty,Bleasdale,mbleasdaleq9@chronoengine.com,58187 Hovde Drive,Nagykanizsa,46
947,tpittendreighqa,Tulley,Pittendreigh,tpittendreighqa@gmpg.org,266 Heffernan Park,Dąbrowa,26
948,chilbourneqb,Chrotoem,Hilbourne,chilbourneqb@ovh.net,9 Cody Road,Breda,23
949,nskitteralqc,Nellie,Skitteral,nskitteralqc@163.com,96 Cordelia Park,Dancheng,80
950,reagellqd,Ronnie,Eagell,reagellqd@google.es,878 Derek Trail,Xiangfu,43
951,scoatenqe,Sancho,Coaten,scoatenqe@symantec.com,41996 Blue Bill Park Lane,Casa Quemada,23
952,cvannqf,Cornelle,Vann,cvannqf@mozilla.org,2 Victoria Place,Khulo,25
953,bgammetqg,Berny,Gammet,bgammetqg@rediff.com,21 Morrow Street,Santo Antônio de Jesus,23
954,arassmannqh,Arel,Rassmann,arassmannqh@webmd.com,31218 Linden Place,Kalianda,36
955,gscoularqi,Gwynne,Scoular,gscoularqi@squarespace.com,055 Victoria Road,Luojiang,29
956,espinneyqj,Erl,Spinney,espinneyqj@icio.us,368 Golf Course Place,Rancho Viejo,55
957,dbarabichqk,Drucie,Barabich,dbarabichqk@taobao.com,3 Southridge Center,Kiboga,67
958,knewsteadql,Keefe,Newstead,knewsteadql@va.gov,4972 Main Drive,Domsjö,59
959,rgynniqm,Ronalda,Gynni,rgynniqm@epa.gov,56259 Rowland Court,Baruny,32
960,vlourensqn,Vincenty,Lourens,vlourensqn@ehow.com,55 Summit Place,Mīrpur Sakro,86
961,ndowlingqo,Nady,Dowling,ndowlingqo@telegraph.co.uk,8587 Buhler Crossing,London,26
962,lbreadqp,Leandra,Bread,lbreadqp@dion.ne.jp,58 Valley Edge Court,Linxi,27
963,jghidoniqq,Jack,Ghidoni,jghidoniqq@hhs.gov,620 Golf Junction,Karangnongko,69
964,bbridgeqr,Bianka,Bridge,bbridgeqr@facebook.com,246 Myrtle Parkway,Biga,47
965,lworsfoldqs,Lek,Worsfold,lworsfoldqs@fastcompany.com,46 Roth Drive,Dessalines,26
966,gretchfordqt,Guillemette,Retchford,gretchfordqt@de.vu,1867 Sutherland Junction,Pasadena,50
967,qmcduffyqu,Queenie,McDuffy,qmcduffyqu@hp.com,61 Prairieview Park,Cheongju-si,70
968,jwinspurrqv,Jdavie,Winspurr,jwinspurrqv@github.com,93 Eggendart Crossing,Cambuga,46
969,dfewellqw,Dieter,Fewell,dfewellqw@pinterest.com,74 Armistice Pass,Ponta da Garça,84
970,vpresnellqx,Vivi,Presnell,vpresnellqx@jiathis.com,4 Bluejay Point,Wuma,80
971,hmarquissqy,Herb,Marquiss,hmarquissqy@ycombinator.com,22 Red Cloud Place,Hofors,65
972,nklaggeqz,Nonna,Klagge,nklaggeqz@mysql.com,56455 Waywood Point,Guanfang,89
973,bdmtrovicr0,Brian,Dmtrovic,bdmtrovicr0@webmd.com,5804 Grayhawk Pass,Haixing,45
974,dabadr1,Domini,Abad,dabadr1@dailymail.co.uk,5 Killdeer Point,Totok,23
975,sgrigolir2,Saudra,Grigoli,sgrigolir2@tinypic.com,17994 Commercial Hill,Cestas,39
976,pthaker3,Putnam,Thake,pthaker3@fc2.com,5 Anzinger Avenue,Kokkinóchoma,35
977,cdoumencr4,Cortie,Doumenc,cdoumencr4@yellowpages.com,7862 Amoth Drive,Cogon,64
978,bdealeyr5,Bryn,Dealey,bdealeyr5@mysql.com,770 Rowland Trail,Kurchatov,64
979,icornelisser6,Ignacio,Cornelisse,icornelisser6@npr.org,5 Gina Avenue,Jerez,31
980,bziemr7,Brett,Ziem,bziemr7@is.gd,28807 Anthes Court,Mingelchaur,20
981,hvargar8,Hendrika,Varga,hvargar8@who.int,46 Lotheville Street,Jevišovice,75
982,laddicottr9,Lizette,Addicott,laddicottr9@thetimes.co.uk,8261 East Terrace,Mamedkala,57
983,gvanhalenra,Gustie,Van Halen,gvanhalenra@pinterest.com,67 Grover Avenue,Non Sang,49
984,dhamprb,Debora,Hamp,dhamprb@studiopress.com,4 Londonderry Terrace,Pelym,56
985,aledleyrc,Ada,Ledley,aledleyrc@sciencedaily.com,30 South Pass,Savonranta,50
986,cbowrd,Conant,Bow,cbowrd@springer.com,9 Sunbrook Alley,Tres Arroyos,54
987,ebadderre,Elnora,Badder,ebadderre@a8.net,99785 Prairieview Parkway,Przewóz,66
988,bgiuronirf,Brana,Giuroni,bgiuronirf@shutterfly.com,88396 Fairfield Lane,San Luis del Palmar,45
989,ocelezrg,Odella,Celez,ocelezrg@technorati.com,5 Pierstorff Parkway,Khorugh,68
990,alungrh,Aubree,Lung,alungrh@i2i.jp,0 Rutledge Plaza,Kallífytos,35
991,pshardri,Patrice,Shard,pshardri@ted.com,17 Oriole Crossing,Jing’an,90
992,cclawsonrj,Clayton,Clawson,cclawsonrj@reverbnation.com,1593 Homewood Parkway,Shangma,88
993,emacneelyrk,Ericka,MacNeely,emacneelyrk@jalbum.net,79490 Algoma Avenue,Cabaiguán,50
994,ktebbittrl,Kristen,Tebbitt,ktebbittrl@techcrunch.com,3754 Shasta Lane,Biliri,30
995,umabberm,Uriah,Mabbe,umabberm@e-recht24.de,75457 Dexter Park,Khān Shaykhūn,82
996,ekepern,Ellen,Kepe,ekepern@nytimes.com,1032 Grasskamp Center,Talghar,67
997,ccheesleyro,Caressa,Cheesley,ccheesleyro@mediafire.com,110 Bunting Place,Baisha,85
998,dwittringtonrp,Derril,Wittrington,dwittringtonrp@goo.gl,76487 Golf Course Crossing,Sainte-Anne-de-Bellevue,76
999,dmougenelrq,Daile,Mougenel,dmougenelrq@hhs.gov,717 Melvin Place,Delft,84
1000,sturnockrr,Serena,Turnock,sturnockrr@4shared.com,82866 Hoepker Pass,Dengfeng,87
